date,002938.XSHE
2018-09-19,0.08446140792449391
2018-09-20,0.10183625465173257
2018-09-21,-0.08600294312192241
2018-09-25,-0.08628572758283823
2018-09-26,-0.020542983675504042
2018-09-27,-0.06389689619442998
2018-09-28,-0.0192822954536579
2018-10-08,0.004671538320888215
2018-10-09,0.028375856995144902
2018-10-10,-0.011865931912280043
2018-10-11,-0.03831368168548449
2018-10-12,-0.03240902584817492
2018-10-15,0.004429170974890021
2018-10-16,0.005165039316848634
2018-10-17,0.022847499953380784
2018-10-18,0.023556461843168196
2018-10-19,0.024840223384345723
2018-10-22,-0.005642361404094597
2018-10-23,-0.014057743219675144
2018-10-24,0.00213643088970991
2018-10-25,0.0414718923103171
2018-10-26,-0.011219837890175983
2018-10-29,0.02129811010634254
2018-10-30,0.001993985425615512
2018-10-31,0.021333885390538973
2018-11-01,-0.027445406813872447
2018-11-02,-0.022524406826064665
2018-11-05,-0.021668281119370462
2018-11-06,-0.0427345013782361
2018-11-07,0.0021123265461155585
2018-11-08,0.0008917995834325197
2018-11-09,-0.0007585702913576664
2018-11-12,-0.0019593950713407624
2018-11-13,-0.008898518891586212
2018-11-14,0.0015454245978796734
2018-11-15,0.008638658313711172
2018-11-16,-0.013489199834380608
2018-11-19,0.004837518581380176
2018-11-20,-0.013590538767777788
2018-11-21,0.009119375445869403
2018-11-22,-0.005462981883924217
2018-11-23,-0.013643527137893324
2018-11-26,0.007572101501277944
2018-11-27,0.010642465448090018
2018-11-28,-0.007918803132075204
2018-11-29,-0.012363499098059255
2018-11-30,-0.017407906542629983
2018-12-03,0.012612356596016235
2018-12-04,-0.007916828517194566
2018-12-05,-0.010248318594492645
2018-12-06,0.017079566823832732
2018-12-07,-0.006049338532584562
2018-12-10,-0.01653649179083852
2018-12-11,-0.002165027407565464
2018-12-12,0.004941478444181489
2018-12-13,-0.0019947922568830847
2018-12-14,0.0014642861752100361
2018-12-17,0.013647552120403098
2018-12-18,0.007850506303097386
2018-12-19,0.008401329813282453
2018-12-20,0.004863370297382687
2018-12-21,0.02391897458800939
2018-12-24,0.01735376668457913
2018-12-25,0.007841121201509945
2018-12-26,-0.007081709444973005
2018-12-27,-0.011338884777142759
2018-12-28,-0.003172051651350769
2019-01-02,0.013344746344778717
2019-01-03,-0.010494072844214657
2019-01-04,-0.020491577959391778
2019-01-07,-0.0033141724738057383
2019-01-08,-0.01686807921340445
2019-01-09,-0.007530038037858646
2019-01-10,-0.010378303481485654
2019-01-11,0.061411204479991974
2019-01-14,-0.010215007155542629
2019-01-15,-0.012730672323531297
2019-01-16,0.007716619166961779
2019-01-17,-0.011344214364499828
2019-01-18,-0.0032244918690667625
2019-01-21,-0.0053044901046141735
2019-01-22,0.022482637644842103
2019-01-23,0.004922493454592905
2019-01-24,-0.013794601989644608
2019-01-25,-0.03612904700794583
2019-01-28,0.003961548115656157
2019-01-29,-0.01729252963858742
2019-01-30,0.012598293030677525
2019-01-31,-0.00041842767114400915
2019-02-01,-0.011505224201817259
2019-02-11,0.02502223952758669
2019-02-12,0.035256167444928266
2019-02-13,-0.0186555934677754
2019-02-14,0.0004030833449414229
2019-02-15,0.10336999619650701
2019-02-18,-0.019823576814674296
2019-02-19,-0.030317385946712464
2019-02-20,0.03502026322852542
2019-02-21,-0.02257959645580751
2019-02-22,0.05578958584172815
2019-02-25,0.012069645027388456
2019-02-26,-0.02125946815533913
2019-02-27,-0.02065156072611633
2019-02-28,0.024370578170653086
2019-03-01,0.007185432644643379
2019-03-04,-0.025473335854046333
2019-03-05,-0.029422679559266453
2019-03-06,0.037564368469933135
2019-03-07,0.0017776028993086758
2019-03-08,-0.041120349325011206
2019-03-11,0.012384508191446084
2019-03-12,0.06465678841058978
2019-03-13,0.04276084270074728
2019-03-14,0.005830983670669955
2019-03-15,-0.0006111603550702539
2019-03-18,-0.011863019837520257
2019-03-19,0.00661613214392878
2019-03-20,-0.01109650350265503
2019-03-21,0.0009243065775288162
2019-03-22,0.040287215846054825
2019-03-25,-0.03626643586816941
2019-03-26,-0.03424160282916714
2019-03-27,0.011349391294297989
2019-03-28,0.00030481782779435626
2019-03-29,0.009453554132926232
2019-04-01,0.03629696678528783
2019-04-02,-0.013832578266662097
2019-04-03,-0.011125223968691499
2019-04-04,-0.0018026892288164793
2019-04-08,0.03843779084023331
2019-04-09,-0.00017525454526461787
2019-04-10,0.003825868164483287
2019-04-11,0.0013738092094412804
2019-04-12,0.000573360770932558
2019-04-15,-0.004843739893497687
2019-04-16,0.015050943086932347
2019-04-17,0.08462553841731042
2019-04-18,-0.003625308907638312
2019-04-19,-0.03552484212841591
2019-04-22,0.011009128042297166
2019-04-23,0.019315161423776664
2019-04-24,-0.00235691045391866
2019-04-25,0.0052121261711293165
2019-04-26,-0.02807993260394572
2019-04-29,0.026125220039814497
2019-04-30,-0.0042287800499083246
2019-05-06,-0.019984839285008882
2019-05-07,0.012900093236648442
2019-05-08,0.0005451886446567614
2019-05-09,-0.03241974517754853
2019-05-10,-0.007852977773010625
2019-05-13,-0.053165002589326674
2019-05-14,0.00825123090552141
2019-05-15,0.0022972015841598165
2019-05-16,-0.03354918625355255
2019-05-17,-0.02642478856832913
2019-05-20,-0.017330023386834176
2019-05-21,0.020431662823667266
2019-05-22,-0.0041588400451335215
2019-05-23,-0.023125323833856123
2019-05-24,0.02469595697921558
2019-05-27,0.008326820542533864
2019-05-28,0.015535623318067982
2019-05-29,-0.018151587451833
2019-05-30,-0.0034039021659390684
2019-05-31,0.05081337701262539
2019-06-03,0.002978637582092103
2019-06-04,0.008267367626318446
2019-06-05,0.01886574902758617
2019-06-06,0.005526181775633857
2019-06-10,0.006201992200241865
2019-06-11,-0.008312592080278652
2019-06-12,0.0020492473047742585
2019-06-13,9.922366648923431e-05
2019-06-14,-0.007997923575860984
2019-06-17,0.011020186024783309
2019-06-18,0.010908018008452574
2019-06-19,0.0704934672697107
2019-06-20,-0.029872346929578172
2019-06-21,0.0012747227073249788
2019-06-24,-0.0010239745704280039
2019-06-25,0.0023348685891082
2019-06-26,0.04124045214348381
2019-06-27,0.0005069164375186633
2019-06-28,0.0015399017788670054
2019-07-01,0.0324575732942933
2019-07-02,-0.014289134951806004
2019-07-03,-0.006785441443261302
2019-07-04,-0.00654178355855408
2019-07-05,0.011202204048054082
2019-07-08,0.0020842489306161505
2019-07-09,0.00970752125462814
2019-07-10,-0.023898317109939293
2019-07-11,0.028247014005740232
2019-07-12,-0.003631621867142502
2019-07-15,0.015896738332411217
2019-07-16,0.016379972502020265
2019-07-17,0.002768097252766895
2019-07-18,-0.014790606486076358
2019-07-19,0.003446644813992544
2019-07-22,0.0016775686157916806
2019-07-23,0.019141031468326096
2019-07-24,0.01194218888613496
2019-07-25,0.01779582640073133
2019-07-26,0.007722102429105824
2019-07-29,-0.011437274609232051
2019-07-30,-0.01820269808817388
2019-07-31,0.002224484552809369
2019-08-01,-0.00907101757874758
2019-08-02,0.026121434017372422
2019-08-05,-0.006743139920668377
2019-08-06,0.030923725677385935
2019-08-07,0.02687154002127464
2019-08-08,-0.016266172430306484
2019-08-09,-0.01629291119709899
2019-08-12,0.0003494482476779637
2019-08-13,0.035355360788140444
2019-08-14,-0.0415233349436111
2019-08-15,0.07339854420597071
2019-08-16,-0.028536540158959536
2019-08-19,0.0003321087794006458
2019-08-20,-0.0076322141433679104
2019-08-21,-0.017925094755503027
2019-08-22,-0.023150634241397527
2019-08-23,-0.007255111259650898
2019-08-26,0.013588591273758634
2019-08-27,-0.007746726309631018
2019-08-28,-0.014978606913268928
2019-08-29,-0.011008454115550716
2019-08-30,-0.08453217090172675
2019-09-02,0.05926010750399299
2019-09-03,-0.015844046133066423
2019-09-04,-0.047992039982088966
2019-09-05,0.002002798338229172
2019-09-06,-0.012902974463083123
2019-09-09,0.04370209623591007
2019-09-10,0.023870567483631644
2019-09-11,0.029793704114302294
2019-09-12,-0.02500939067454714
2019-09-16,0.032696830622900463
2019-09-17,0.012138449656608895
2019-09-18,-0.013217845163348788
2019-09-19,-0.01729052932208707
2019-09-20,-0.010135239659288845
2019-09-23,0.050552355973212594
2019-09-24,-0.009034913059358073
2019-09-25,-0.010639651151154256
2019-09-26,0.004898660244493487
2019-09-27,0.016602982540279462
2019-09-30,0.0042973598222414144
2019-10-08,0.035929344195798664
2019-10-09,-0.035739276087779284
2019-10-10,0.0007843239528353939
2019-10-11,0.006989902091245986
2019-10-14,0.031368764084605164
2019-10-15,0.032980090193443154
2019-10-16,0.0008288987675726719
2019-10-17,0.02456437515716824
2019-10-18,-0.0023925967995910517
2019-10-21,-0.007236359932902893
2019-10-22,-0.01538980451962138
2019-10-23,0.04322560282662444
2019-10-24,0.058484267354209835
2019-10-25,0.035096925557376965
2019-10-28,-0.028587177134746577
2019-10-29,-0.006000297653810889
2019-10-30,-0.024111958554869688
2019-10-31,-0.04061939075466437
2019-11-01,0.023937267751821725
2019-11-04,-0.010204887854688864
2019-11-05,0.003317425393682639
2019-11-06,0.05202672035934848
2019-11-07,-0.014157368481613537
2019-11-08,0.007363926738642135
2019-11-11,-0.010466670615947651
2019-11-12,0.03659152166001527
2019-11-13,-0.005159807517074256
2019-11-14,0.029172635802319182
2019-11-15,-0.006413738875597477
2019-11-18,-0.018916530843764483
2019-11-19,0.015690269826173435
2019-11-20,0.01689170409597599
2019-11-21,0.01804395038659904
2019-11-22,-0.03195008557408483
2019-11-25,-0.008409853735225434
2019-11-26,0.0022188865924347573
2019-11-27,0.017844712027961243
2019-11-28,-0.010561170259995365
2019-11-29,-0.006744629970045338
2019-12-02,0.0025623810423096548
2019-12-03,0.013148693598822196
2019-12-04,0.0008072642341314374
2019-12-05,-0.011579734509534378
2019-12-06,-0.005967796454891112
2019-12-09,-0.05755502174752589
2019-12-10,-0.015585278154713604
2019-12-11,-0.007536471296166851
2019-12-12,-0.02804685322588847
2019-12-13,-0.0019434215284089892
2019-12-16,-0.024843560477001314
2019-12-17,-0.002800003655080825
2019-12-18,0.021928778330275924
2019-12-19,-0.02747328671459344
2019-12-20,-0.0008172431738397955
2019-12-23,-0.06176870228779772
2019-12-24,0.021334077455830106
2019-12-25,-0.031387280714298395
2019-12-26,-0.019911220724296876
2019-12-27,0.01202012428846793
2019-12-30,0.015896261371353033
2019-12-31,0.008705946019389517
2020-01-02,-0.012871566861297541
2020-01-03,0.01578783300863447
2020-01-06,-0.028734966101611626
2020-01-07,0.012552889737892753
2020-01-08,-0.0032132471666094214
2020-01-09,0.0276367127373845
2020-01-10,0.032624519500430625
2020-01-13,-0.02723307612068694
2020-01-14,-0.005034305028809271
2020-01-15,-0.013717503945704364
2020-01-16,-0.0030117155035945323
2020-01-17,-0.018786847661647215
2020-01-20,0.005461374100431043
2020-01-21,-0.0047463400897688555
2020-01-22,-0.01106471063770479
2020-01-23,-0.002900416508883702
2020-02-03,-0.006329986897071704
2020-02-04,-0.046221080958289786
2020-02-05,0.007985898296536304
2020-02-06,-0.03857686308018778
2020-02-07,-0.04700962710214473
2020-02-10,0.0005319295464621867
2020-02-11,0.08441097543308587
2020-02-12,-0.013870994929392512
2020-02-13,-0.009211833030507828
2020-02-14,0.023630524010544086
2020-02-17,-0.015360690796607932
2020-02-18,-0.03313265695288111
2020-02-19,-0.011046870160304027
2020-02-20,-0.01277363560384287
2020-02-21,0.04932480908744808
2020-02-24,0.0008146557139137936
2020-02-25,0.005456973632295931
2020-02-26,-0.03946144604420333
2020-02-27,-0.008917002694298539
2020-02-28,-0.05021868393661033
2020-03-02,-0.0007461652044021827
2020-03-03,-0.00876988597677305
2020-03-04,-0.009129946503316569
2020-03-05,0.008759294835828896
2020-03-06,0.0024690294669933183
2020-03-09,-0.005197625420915203
2020-03-10,-0.016573012700522735
2020-03-11,0.009187136125354843
2020-03-12,-0.021733053595423477
2020-03-13,-0.023668975831801095
2020-03-16,-0.0036516127957916256
2020-03-17,-0.0018200946625585397
2020-03-18,-0.03546682956384845
2020-03-19,-0.015727672581599947
2020-03-20,0.006303892846507926
2020-03-23,-0.031543013940923514
2020-03-24,-0.008765157940870516
2020-03-25,0.03894120128901664
2020-03-26,0.0007268537486398025
2020-03-27,-0.004852886100799082
2020-03-30,0.0013700505310609637
2020-03-31,0.03302874246141429
2020-04-01,0.014650380547400761
2020-04-02,0.032444142084070995
2020-04-03,0.035638940353239015
2020-04-07,-0.0166917744629105
2020-04-08,0.025991346396814115
2020-04-09,-0.009445095758356734
2020-04-10,0.00016335877274987337
2020-04-13,0.00893161601221873
2020-04-14,0.019841274917218973
2020-04-15,0.060830443950951586
2020-04-16,-0.011844230771967959
2020-04-17,-0.013043545439463518
2020-04-20,-0.005530104378670885
2020-04-21,-0.024501588272923067
2020-04-22,0.0019374491669055319
2020-04-23,0.0054444245419507705
2020-04-24,0.0009047888590245912
2020-04-27,-0.0058248962679797785
2020-04-28,0.029819885187231727
2020-04-29,0.03170767688641981
2020-04-30,-0.01510930253800137
2020-05-06,0.0062318852599174065
2020-05-07,0.009374472826226329
2020-05-08,-0.02272162684948241
2020-05-11,-0.009483156721562198
2020-05-12,0.012671530323736451
2020-05-13,-0.0005735799988083184
2020-05-14,-0.023191283516913033
2020-05-15,-0.023443902515052892
2020-05-18,0.015016932071735156
2020-05-19,-0.006511453973274704
2020-05-20,-0.03194943849171074
2020-05-21,-0.0012309955715424648
2020-05-22,0.0423858470712571
2020-05-25,-0.004403822361936958
2020-05-26,0.032377518539022446
2020-05-27,0.001807181179576789
2020-05-28,-0.02238282914848136
2020-05-29,0.02291330592561772
2020-06-01,0.04661754866168169
2020-06-02,0.016680514567463625
2020-06-03,0.01513842218500119
2020-06-04,0.024307851294924503
2020-06-05,-0.02358459031149117
2020-06-08,0.024746934779917792
2020-06-09,-0.04268402223154407
2020-06-10,0.0035942973896285653
2020-06-11,0.013383925182157488
2020-06-12,-0.013686453227280343
2020-06-15,0.007108955030820555
2020-06-16,-0.015174607040159528
2020-06-17,0.004159481069119935
2020-06-18,0.006716370958736596
2020-06-19,-0.013347377148698242
2020-06-22,-0.02763773862721595
2020-06-23,0.0646436292943661
2020-06-24,-0.04213201846336361
2020-06-29,0.0029578923605148126
2020-06-30,-0.02228334132364416
2020-07-01,-0.022224320716332964
2020-07-02,-0.010214536098466676
2020-07-03,-0.01586023423336996
2020-07-06,-0.04219393247656796
2020-07-07,0.025099164529502106
2020-07-08,-0.004955516165290587
2020-07-09,0.0078098044868885365
2020-07-10,-0.029596390085040516
2020-07-13,-0.014057354952757131
2020-07-14,-0.011850496468539473
2020-07-15,0.010558645253948715
2020-07-16,0.010025650249829793
2020-07-17,-0.005660643018251627
2020-07-20,-0.0013590397842375528
2020-07-21,0.03267722190996224
2020-07-22,-0.010276200520396793
2020-07-23,-0.01842942974398647
2020-07-24,-0.03130606632789225
2020-07-27,0.022019898618232826
2020-07-28,0.02505712006394125
2020-07-29,-0.008433264466614014
2020-07-30,0.008252677428754778
2020-07-31,0.019243567045909148
2020-08-03,-0.014665908837752099
2020-08-04,0.0005229623944286547
2020-08-05,-0.0009074160029325252
2020-08-06,-0.019332119420632256
2020-08-07,0.008245804305056656
2020-08-10,-0.024047025554024135
2020-08-11,0.008872538527866783
2020-08-12,-0.026700239223197846
2020-08-13,-0.014038322214032919
2020-08-14,-0.00546948078000874
2020-08-17,0.0037582768565504153
2020-08-18,0.013547505491105685
2020-08-19,-0.008717705783189082
2020-08-20,-0.009115164615689189
2020-08-21,0.039717153260063365
2020-08-24,0.0566557160572763
2020-08-25,-0.020905526148571857
2020-08-26,-0.005528271647309672
2020-08-27,-0.019810122133858937
2020-08-28,-0.001080322221648505
2020-08-31,0.011291566600317842
2020-09-01,-0.02413969929459412
2020-09-02,0.03234895750775095
2020-09-03,-0.021128219531426972
2020-09-04,-0.036803061233646225
2020-09-07,-0.002110090826108437
2020-09-08,0.02977085860511339
2020-09-09,0.027147860577767018
2020-09-10,0.04689942134367844
2020-09-11,0.0021986037627475218
2020-09-14,0.08307986867171357
2020-09-15,-0.009079776749666157
2020-09-16,0.011301618572418546
2020-09-17,0.020705685612987038
2020-09-18,0.013644579743352583
2020-09-21,-0.002548959067421008
2020-09-22,0.01174566861060354
2020-09-23,0.011831676145076525
2020-09-24,-2.125884734076322e-05
2020-09-25,0.019935316301542015
2020-09-28,-0.004419884395560164
2020-09-29,-0.010298835835582085
2020-09-30,0.0004978793193469314
2020-10-09,-0.003580710018060096
2020-10-12,-0.09946474235534827
2020-10-13,0.06428422202073324
2020-10-14,-0.04020794127605545
2020-10-15,-0.019435907862274143
2020-10-16,-0.02652347863462996
2020-10-19,0.05039966474039634
2020-10-20,-0.01827997794704242
2020-10-21,-0.0012488025508040086
2020-10-22,-0.00938614310408497
2020-10-23,-0.014840745442791584
2020-10-26,0.02986444889540751
2020-10-27,0.016883116780002587
2020-10-28,0.005691390229031078
2020-10-29,-0.03885024080311058
2020-10-30,-0.06187536801754473
2020-11-02,0.01604578293154349
2020-11-03,0.009720539215003342
2020-11-04,-0.0016225733066094305
2020-11-05,0.0012473716631400261
2020-11-06,-0.0160484772109418
2020-11-09,-0.001276830908738591
2020-11-10,0.008288341309392579
2020-11-11,0.003726209799631078
2020-11-12,0.028519263928289254
2020-11-13,-0.02919085910228152
2020-11-16,-0.027361133063219065
2020-11-17,0.006382816925992723
2020-11-18,-0.019268788956567688
2020-11-19,0.008155035475164848
2020-11-20,0.013345378149122988
2020-11-23,-0.0156250172848737
2020-11-24,-0.027282120307371677
2020-11-25,-0.009733541917739027
2020-11-26,0.017701405888727477
2020-11-27,0.040547558662710634
2020-11-30,0.0914396213795311
2020-12-01,-0.006267278113466623
2020-12-02,-0.01913340443934125
2020-12-03,0.006241898393670502
2020-12-04,-0.008986046123553103
2020-12-07,0.005638597686407051
2020-12-08,-0.025668761507828947
2020-12-09,-0.004231568853663964
2020-12-10,0.009682505260089857
2020-12-11,-0.03320651737215382
2020-12-14,-0.023079728773297784
2020-12-15,0.005199689608934015
2020-12-16,0.0015392129548731214
2020-12-17,-0.018793033113161845
2020-12-18,0.0038139198412621075
2020-12-21,-0.026449426890050635
2020-12-22,0.011790988903312281
2020-12-23,0.023789932226958944
2020-12-24,0.012596839284190565
2020-12-25,0.007939338520047298
2020-12-28,0.001933172052779885
2020-12-29,-0.009937032147745281
2020-12-30,-0.036625810327739435
2020-12-31,0.014065739704613424
2021-01-04,-0.04643583163402775
2021-01-05,0.062076097712358266
2021-01-06,-0.03653154546173272
2021-01-07,0.022627558979289104
2021-01-08,-0.03615530924062209
2021-01-11,-0.02490573182070273
2021-01-12,-0.020580441119153147
2021-01-13,0.0005346758515593943
2021-01-14,-0.003502235705677325
2021-01-15,-0.012766830923830783
2021-01-18,-0.028339637461185906
2021-01-19,-0.019585783081441325
2021-01-20,-0.014851396083502498
2021-01-21,-0.016580062429664696
2021-01-22,-0.03513386145774435
2021-01-25,-0.007155694082803541
2021-01-26,-0.002100261962819955
2021-01-27,0.009148945268351298
2021-01-28,-0.0036677301832546867
2021-01-29,-0.01920772738449649
2021-02-01,-0.006689460960651629
2021-02-02,-0.003726321791846213
2021-02-03,-0.002766062151279579
2021-02-04,0.024909871416734355
2021-02-05,0.026229968675361582
2021-02-08,0.0030525331496360584
2021-02-09,0.013026194473104147
2021-02-10,-0.005470695264712302
2021-02-18,-0.02185358313157562
2021-02-19,0.022612527904029466
2021-02-22,-0.00596571422257558
2021-02-23,-0.01584890411659295
2021-02-24,0.04336762026833546
2021-02-25,-0.0022752420503596143
2021-02-26,-0.02149626494145878
2021-03-01,-0.018396071805828085
2021-03-02,0.009460381678105338
2021-03-03,-0.007241431507504659
2021-03-04,-0.027878883802003276
2021-03-05,0.08436933656532532
2021-03-08,-0.014580316126948288
2021-03-09,-0.003937491805804522
2021-03-10,-0.022304151511389363
2021-03-11,0.01809656105696158
2021-03-12,0.009468800118351252
2021-03-15,-0.023356608100232254
2021-03-16,-0.004434041158984657
2021-03-17,-0.012956543467845118
2021-03-18,-0.014872119215924295
2021-03-19,-0.017687002438787375
2021-03-22,0.0019943196687807058
2021-03-23,-0.04043017364499487
2021-03-24,-0.0015922273742097204
2021-03-25,0.02394147307534063
2021-03-26,0.01788511075276769
2021-03-29,-0.015441597195266447
2021-03-30,-0.010894741142613362
2021-03-31,0.00774729318590647
2021-04-01,-0.04288934738535137
2021-04-02,-0.05240297933158835
2021-04-06,-0.00030713541485816046
2021-04-07,0.017921116809964478
2021-04-08,-0.020004889282181054
2021-04-09,0.008305174505169167
2021-04-12,-0.011479219145300451
2021-04-13,-0.022510298335558405
2021-04-14,-0.007527716396234549
2021-04-15,-0.012251210117916772
2021-04-16,0.01863327759330278
2021-04-19,0.016594949752222275
2021-04-20,0.002277817718672602
2021-04-21,-0.0030508134873711047
2021-04-22,0.006305751231532389
2021-04-23,-0.014711263806622101
2021-04-26,-0.024949872308563575
2021-04-27,0.021850013215528617
2021-04-28,-0.027079604783320544
2021-04-29,-0.013734562832527109
2021-04-30,0.0008287142172878695
2021-05-06,-0.0018209156598886743
2021-05-07,-0.012044859692369382
2021-05-10,0.0025413909787303096
2021-05-11,0.018194987177633026
2021-05-12,-0.02246938191626979
2021-05-13,-0.013032143233353192
2021-05-14,0.013346774177532057
2021-05-17,-0.004782027278577024
2021-05-18,-0.007182015931957407
2021-05-19,0.03320290870911506
2021-05-20,-0.011402047045092388
2021-05-21,-0.000470666300459794
2021-05-24,0.00440576474208077
2021-05-25,0.057026761936306465
2021-05-26,-0.024154623159722416
2021-05-27,-0.024804843252180478
2021-05-28,-0.0053552679503401125
2021-05-31,-0.015740854777191164
2021-06-01,-0.012183331260942433
2021-06-02,-0.013955912383401905
2021-06-03,0.0013140033763037687
2021-06-04,-0.011747029492046313
2021-06-07,0.03063760729870894
2021-06-08,0.0022199163517869777
2021-06-09,-0.014885918698612973
2021-06-10,-0.03274164496058182
2021-06-11,-0.01838935799277294
2021-06-15,-0.021487433917731103
2021-06-16,-0.009352124057401252
2021-06-17,0.03239068351296612
2021-06-18,-0.03356296206793674
2021-06-21,0.0010901264072599726
2021-06-22,0.019035852558515597
2021-06-23,0.0706890927407014
2021-06-24,0.0644243290221934
2021-06-25,-0.02018099456381434
2021-06-28,-0.013372314503619837
2021-06-29,0.0028268490237169028
2021-06-30,0.01084697935047579
2021-07-01,0.033222114544908275
2021-07-02,0.026546420068685544
2021-07-05,-0.02922060729340796
2021-07-06,-0.034431356304325034
2021-07-07,-0.018775104656752493
2021-07-08,0.01680147203500731
2021-07-09,0.0013758725941602178
2021-07-12,0.01957683468817257
2021-07-13,0.03350935827246743
2021-07-14,0.025591325983954118
2021-07-15,0.027611862079137135
2021-07-16,0.05754812825371455
2021-07-19,0.0009879661615481202
2021-07-20,-0.017746540085243276
2021-07-21,0.015766999492841747
2021-07-22,-0.07135480487149463
2021-07-23,-0.005087003075802695
2021-07-26,-0.004369670056513179
2021-07-27,0.017245078248761654
2021-07-28,0.0020622738570843548
2021-07-29,-0.012169955272601049
2021-07-30,-0.04779651299620173
2021-08-02,0.023148340167829462
2021-08-03,0.036290433221155605
2021-08-04,0.003616370731082747
2021-08-05,-0.004731667422166906
2021-08-06,-0.023174360781521644
2021-08-09,-0.014742901242732722
2021-08-10,-0.0039052956669344777
2021-08-11,0.011263252894508836
2021-08-12,0.007252642980801802
2021-08-13,0.003694028144036285
2021-08-16,0.033714923770136754
2021-08-17,-0.01136331871434694
2021-08-18,-0.01835781956214591
2021-08-19,-0.035958336088046196
2021-08-20,-0.01963973877670975
2021-08-23,-0.0017810606469828467
2021-08-24,-0.0026917220365036123
2021-08-25,-0.02115726165984869
2021-08-26,-0.0013452060298902169
2021-08-27,0.010535313513673551
2021-08-30,-0.013815839656953419
2021-08-31,0.02299530454814027
2021-09-01,-0.021943084235405495
2021-09-02,0.05424517889288208
2021-09-03,-0.012895234161880976
2021-09-06,-0.008585699028908107
2021-09-07,0.023926662573155552
2021-09-08,-0.005649484095634902
2021-09-09,-0.03049536641137736
2021-09-10,-0.025523565382563857
2021-09-13,-0.013167651723358445
2021-09-14,-0.002437252635578797
2021-09-15,0.013272272140152381
2021-09-16,0.012300761932821227
2021-09-17,0.023924573322942396
2021-09-22,0.013690787169716785
2021-09-23,0.01533642055125303
2021-09-24,-0.011046175756945649
2021-09-27,0.001858455527555692
2021-09-28,0.004689169247786456
2021-09-29,0.008517101265730643
2021-09-30,0.020560959764093764
2021-10-08,-0.01650847944352872
2021-10-11,-0.02784687439596735
2021-10-12,0.009644099033848675
2021-10-13,-0.023623854073897596
2021-10-14,-0.00754647076542142
2021-10-15,0.004337587689239182
2021-10-18,-0.00039795314047792046
2021-10-19,0.019875211909384183
2021-10-20,0.017660965917122226
2021-10-21,-0.002530363316876179
2021-10-22,0.023599830285838973
2021-10-25,-0.036352559602143765
2021-10-26,0.03918562925877011
2021-10-27,0.03824798713964615
2021-10-28,-0.017846989581088196
2021-10-29,0.029594663052302454
2021-11-01,0.08182433425783997
2021-11-02,0.025652535302056877
2021-11-03,-0.018456046912222492
2021-11-04,-0.010497755387465906
2021-11-05,0.005556045512967098
2021-11-08,0.013228470753822125
2021-11-09,0.0056897831318802
2021-11-10,-0.004431606253310575
2021-11-11,-0.04443328045536103
2021-11-12,-0.01446973557338984
2021-11-15,0.020029432463213953
2021-11-16,-0.016781182890008333
2021-11-17,0.02221777605361289
2021-11-18,-0.015724098404212877
2021-11-19,0.037406240778832714
2021-11-22,-0.02142006026341308
2021-11-23,-0.009796559652605874
2021-11-24,-0.003262690442975392
2021-11-25,-0.008207608659750652
2021-11-26,-0.01802036087412129
2021-11-29,0.00934459567182486
2021-11-30,0.041127815150445515
2021-12-01,-0.024494149993573487
2021-12-02,-0.017672597928055856
2021-12-03,-0.018479587990682847
2021-12-06,-0.0011826893895038257
2021-12-07,-0.00526093781977564
2021-12-08,0.03455215539713015
2021-12-09,0.08064696979691366
2021-12-10,-0.033762340563482214
2021-12-13,-0.00874592010422506
2021-12-14,-0.01193560783719866
2021-12-15,0.018761429066895978
2021-12-16,0.0022987123440803923
2021-12-17,0.001488635852987738
2021-12-20,-0.001889629515372953
2021-12-21,0.013209844745690093
2021-12-22,0.027239161307784275
2021-12-23,0.04188999525795275
2021-12-24,0.0178345892237567
2021-12-27,-0.014007176508581657
2021-12-28,-0.011407259372808294
2021-12-29,-0.00888194702515768
2021-12-30,-0.013637130970223087
2021-12-31,0.004397307492426754
2022-01-04,0.029153585455493316
2022-01-05,-0.01939419557203366
2022-01-06,-0.014939946063363223
2022-01-07,0.03364111769775006
2022-01-10,0.011123979196408049
2022-01-11,0.010315015477019608
2022-01-12,-0.008078766468233438
2022-01-13,-0.0185765580133598
2022-01-14,0.00436505406031959
2022-01-17,-0.03896228910682
2022-01-18,-0.014672719790309527
2022-01-19,-0.012420916202453867
2022-01-20,-0.0026545757912167303
2022-01-21,0.008281075441836747
2022-01-24,0.008296162770877464
2022-01-25,-0.0023027179671892793
2022-01-26,-0.006826064780379348
2022-01-27,-0.0029937354052383715
2022-01-28,0.002641779474965085
2022-02-07,0.009211301871971415
2022-02-08,-0.0016573170919179647
2022-02-09,-0.01889950417357696
2022-02-10,-0.012499082126110526
2022-02-11,-0.008151591857518473
2022-02-14,0.007663686603988168
2022-02-15,0.01257798130718945
2022-02-16,0.030934110037552507
2022-02-17,-0.007113985684809062
2022-02-18,0.0007321351556564574
2022-02-21,-0.0017661381176829038
2022-02-22,-0.013718067426935099
2022-02-23,-0.020390120024848774
2022-02-24,0.00137733500823101
2022-02-25,0.010457841852841735
2022-02-28,-0.036748399778882695
2022-03-01,-0.011497906517470194
2022-03-02,-0.005850018412458984
2022-03-03,-0.0028417912746398037
2022-03-04,-0.008716705291888428
2022-03-07,-0.0007271265718214182
2022-03-08,-0.0044562785086983275
2022-03-09,-0.006862165473886673
2022-03-10,-0.0034103162151373507
2022-03-11,0.014141089632292308
2022-03-14,0.007686568380209251
2022-03-15,0.01755812809452477
2022-03-16,-0.005299313864953761
2022-03-17,0.06423542339641099
2022-03-18,-0.016120504221203064
2022-03-21,-0.009899065960471859
2022-03-22,-0.00418151492163024
2022-03-23,-0.006310803767222222
2022-03-24,0.003505733152073136
2022-03-25,-0.004135223705117876
2022-03-28,-0.011140023623147734
2022-03-29,-0.013261646262175086
2022-03-30,0.0023403819922099625
2022-03-31,-0.005752139062190582
2022-04-01,-0.01075785646602083
2022-04-06,-0.007569824431826577
2022-04-07,0.053057858031094446
2022-04-08,-0.0035211361996569535
2022-04-11,-0.014311635601469072
2022-04-12,0.0038331375530017836
2022-04-13,-0.011357348978802431
2022-04-14,0.014823792340067997
2022-04-15,0.053930535783790694
2022-04-18,-0.011734733757986358
2022-04-19,-0.006549893441046582
2022-04-20,0.018234431911766026
2022-04-21,0.027463281861283675
2022-04-22,-0.003736645661742692
2022-04-25,0.014156833574405947
2022-04-26,-0.027311130125802194
2022-04-27,0.017736712842801927
2022-04-28,0.019540542215699484
2022-04-29,-0.0035602509598315762
2022-05-05,-0.007306818253693269
2022-05-06,-0.022160608542630376
2022-05-09,-0.003593276398774931
2022-05-10,0.007945361080725216
2022-05-11,-0.010783493552519091
2022-05-12,-0.013599829393433134
2022-05-13,-0.004239481727389884
2022-05-16,-0.0026245733172141905
2022-05-17,-0.008727861662854174
2022-05-18,-0.007081535568540937
2022-05-19,-0.0185474670507833
2022-05-20,0.013178147859085582
2022-05-23,-0.0017509560042861315
2022-05-24,-0.024992876326975326
2022-05-25,-0.007063296593914048
2022-05-26,0.002874062745409611
2022-05-27,0.0037223239323796635
2022-05-30,0.013724173049674026
2022-05-31,0.06951311189713534
2022-06-01,-0.003490074456871873
2022-06-02,-0.01625754216636688
2022-06-06,-0.027421562423210016
2022-06-07,0.005675793707769671
2022-06-08,-0.003587176772936705
2022-06-09,-0.0064726392255103
2022-06-10,0.00888388467531855
2022-06-13,-0.0069791562632478335
2022-06-14,0.01373213829233252
2022-06-15,-0.016987334470997983
2022-06-16,-0.0011959871952365708
2022-06-17,-0.017439111450138423
2022-06-20,0.009972884135955516
2022-06-21,0.02998620791845786
2022-06-22,-0.029484034310365958
2022-06-23,-0.034274483199833415
2022-06-24,0.003945333184867868
2022-06-27,-0.006016559820841642
2022-06-28,0.015245851513805808
2022-06-29,0.011112925342474718
2022-06-30,-0.0034992695011622638
2022-07-01,0.0040112295250756096
2022-07-04,-0.025906049562058032
2022-07-05,-0.0010341663757246732
2022-07-06,0.019593741600731743
2022-07-07,-0.0022042942583370274
2022-07-08,5.969188118180695e-05
2022-07-11,0.0033193244350987125
2022-07-12,0.010551815933118689
2022-07-13,-0.0023532415207134054
2022-07-14,0.04219080405337479
2022-07-15,0.011362703223281985
2022-07-18,0.005583262605242701
2022-07-19,0.006198323140620185
2022-07-20,3.960041460933372e-05
2022-07-21,0.0058649199892795625
2022-07-22,-0.02138414272060514
2022-07-25,-0.00576556806588205
2022-07-26,0.004353145084918254
2022-07-27,-0.012758620605851784
2022-07-28,0.03538575687555993
2022-07-29,0.007491068714670156
2022-08-01,0.07989175184800519
2022-08-02,0.024703071517587747
2022-08-03,-0.035715393239253
2022-08-04,-0.029184044496114774
2022-08-05,-0.02674438722515459
2022-08-08,-0.011245947660763958
2022-08-09,-0.005549187376178134
2022-08-10,-0.04475192605984464
2022-08-11,0.0337379818996702
2022-08-12,0.013296358525855156
2022-08-15,-0.005639706885362295
2022-08-16,-0.006826784576210563
2022-08-17,0.04514944988493666
2022-08-18,-0.014175515967871286
2022-08-19,0.005813387560565358
2022-08-22,0.006183508342666455
2022-08-23,-0.008681564497966629
2022-08-24,-0.011606706157748975
2022-08-25,0.015664309945314286
2022-08-26,-0.00831390203842406
2022-08-29,-0.023413114542752106
2022-08-30,-0.010154804422729903
2022-08-31,0.014987465615922142
2022-09-01,-0.011435691354977982
2022-09-02,-0.0006329239334446277
2022-09-05,-0.0014917251179580454
2022-09-06,-0.010331501370003476
2022-09-07,-0.01795457674105136
2022-09-08,-0.008723642506699561
2022-09-09,0.002084465921068642
2022-09-13,0.0016012628386762669
2022-09-14,-0.009267682353538146
2022-09-15,0.008831321028469945
2022-09-16,-0.015194726129547703
2022-09-19,0.007700751391777408
2022-09-20,0.017869241782428814
2022-09-21,0.007762342960584232
2022-09-22,-0.018251378278820625
2022-09-23,0.01751298862737192
2022-09-26,-0.015546906927333785
2022-09-27,0.011354785678858476
2022-09-28,-0.001217004536114924
2022-09-29,-0.004761040600192565
2022-09-30,0.010928352689255072
2022-10-10,0.03221793542080233
2022-10-11,0.008318206036936799
2022-10-12,-0.0028161032654976104
2022-10-13,0.0047395620772625775
2022-10-14,0.002457514241215382
2022-10-17,-0.014170524032942226
2022-10-18,0.00718394997157973
2022-10-19,-0.006395555392725566
2022-10-20,-0.02226021766388223
2022-10-21,-0.0009861575435644275
2022-10-24,-0.0052373328163116736
2022-10-25,0.0293014845430297
2022-10-26,0.020988392421347337
2022-10-27,0.04036697939804311
2022-10-28,0.004991184222381949
2022-10-31,0.03604801948879634
2022-11-01,0.010915298874181491
2022-11-02,-0.025816822784074586
2022-11-03,-0.0035295066892358853
2022-11-04,-0.009477213884001703
2022-11-07,0.013165903586455212
2022-11-08,-0.00627320120214353
2022-11-09,0.0012369135732047953
2022-11-10,0.005993156278824387
2022-11-11,-0.010391663210825318
2022-11-14,-0.004370401690404506
2022-11-15,-0.006035066217603316
2022-11-16,-0.004129509541409421
2022-11-17,-0.004642111734016836
2022-11-18,0.0007291043164796111
2022-11-21,0.014814389464444452
2022-11-22,-0.01588654590490631
2022-11-23,0.0018557852328219548
2022-11-24,0.008723551857740115
2022-11-25,-0.004301519292563614
2022-11-28,0.010213102682829451
2022-11-29,-0.004835662746755752
2022-11-30,-0.02693465057210805
2022-12-01,0.005901258495706201
2022-12-02,-0.019235650806768454
2022-12-05,-0.007715984863079938
2022-12-06,-0.01279151275923944
2022-12-07,0.017623867687342087
2022-12-08,-0.012278552837880752
2022-12-09,-0.008372021676729657
2022-12-12,0.015002203566673915
2022-12-13,-0.013361279130430701
2022-12-14,-0.0013303304196139415
2022-12-15,-0.004811146905023735
2022-12-16,0.00781418345312506
2022-12-19,0.011723082006528301
2022-12-20,-0.004036422896054326
2022-12-21,-0.0032628328638404855
2022-12-22,0.005778147188201233
2022-12-23,0.015767004150716357
2022-12-26,-0.009140162969591338
2022-12-27,-0.01227623331440084
2022-12-28,0.013345666676455004
2022-12-29,-0.0038801582889506693
2022-12-30,0.0046699538851440615
2023-01-03,0.0033051661424794015
2023-01-04,-0.04617521566107225
2023-01-05,0.00876399308333074
2023-01-06,-0.0046885799981656005
2023-01-09,0.008008118516335497
2023-01-10,0.0012291164662231995
2023-01-11,0.00443742439721826
2023-01-12,-0.004120730699265386
2023-01-13,0.00846783181107084
2023-01-16,-0.013534155814267812
2023-01-17,-0.003075898613215486
2023-01-18,0.012668015777132486
2023-01-19,0.005270506053979544
2023-01-20,-0.004558161633013406
2023-01-30,-0.0033804491193278685
2023-01-31,-0.003564561454686886
2023-02-01,0.0008950417763771666
2023-02-02,-0.008938045117133706
2023-02-03,-0.0010675283003234335
2023-02-06,-0.0016597317939931536
2023-02-07,0.004527453334457658
2023-02-08,-0.0038979664899495576
2023-02-09,0.006226358010719309
2023-02-10,0.009067830072338716
2023-02-13,-0.0035514566334500152
2023-02-14,-0.001792668632420058
2023-02-15,-0.0006509005238606626
2023-02-16,-0.006356039729581736
2023-02-17,0.0034133383425197505
2023-02-20,-0.0016527137627667735
2023-02-21,-0.003889650340564376
2023-02-22,-0.005166334324841013
2023-02-23,-0.006072954810161782
2023-02-24,-0.004599680443629765
2023-02-27,-0.0035032498545416076
2023-02-28,0.005243862883253679
2023-03-01,-0.0014670448602882233
2023-03-02,0.011379874664919448
2023-03-03,-0.010517875446383563
2023-03-06,0.0006295544430328752
2023-03-07,-0.0015669814040783422
2023-03-08,0.0004929460270195161
2023-03-09,0.017902597954788768
2023-03-10,-0.005973048507290516
2023-03-13,-0.013939614049624096
2023-03-14,-0.03475976177898316
2023-03-15,-0.020421984312745844
2023-03-16,-0.0060862203984788
2023-03-17,-0.0015668575432605664
2023-03-20,-0.00673131372970175
2023-03-21,0.013001517913748824
2023-03-22,0.08376963126113479
2023-03-23,0.022863141766938634
2023-03-24,0.0048452749380926
2023-03-27,0.008385500837493549
2023-03-28,-0.04082176634080937
2023-03-29,-0.018951214014286066
2023-03-30,-0.01804383363742946
2023-03-31,0.004281081298618024
2023-04-03,-0.05249627912911348
2023-04-04,0.005313957040362787
2023-04-06,0.009132138311560963
2023-04-07,-0.005913060165185767
2023-04-10,-0.01470504419039257
2023-04-11,-0.002594225245080298
2023-04-12,-0.015746258750840125
2023-04-13,-0.019660622618280048
2023-04-14,-0.01461532910853771
2023-04-17,-0.010663290745530634
2023-04-18,0.005609936161071447
2023-04-19,0.012356454542992638
2023-04-20,0.08405777748725793
2023-04-21,-0.0009960091983329325
2023-04-24,-0.01780197237861368
2023-04-25,-0.04436611266686057
2023-04-26,-0.006389045820975513
2023-04-27,-0.02625762293728236
2023-04-28,-1.5695475614155296e-05
2023-05-04,-0.04736987202748025
2023-05-05,-0.007274631811385754
2023-05-08,-0.014788048385589147
2023-05-09,0.0016906789880029097
2023-05-10,0.00520074125385122
2023-05-11,-0.013143415991866653
2023-05-12,-0.009679050807475031
2023-05-15,-0.0001746665031147135
2023-05-16,-0.0031002405908568745
2023-05-17,0.012829830475853461
2023-05-18,0.014513077177378816
2023-05-19,-0.015645551085637106
2023-05-22,-0.002039596350499345
2023-05-23,0.002122055366036239
2023-05-24,0.01086331848921907
2023-05-25,0.002588301305671505
2023-05-26,0.008790287075855371
2023-05-29,0.004942241001585735
2023-05-30,0.0023158625298621968
2023-05-31,0.020905780022295758
2023-06-01,0.007394136368968701
2023-06-02,-0.014490358614875593
2023-06-05,-0.000363018705745506
2023-06-06,-0.005165214632776742
2023-06-07,0.0029316600166597352
2023-06-08,0.000344111643616557
2023-06-09,0.00704249860905241
2023-06-12,-0.0011301049016532432
2023-06-13,-0.007568913357365401
2023-06-14,0.0026562537695251553
2023-06-15,-0.0049866980558851415
2023-06-16,-0.0017387321067675772
2023-06-19,0.0001806606942588232
2023-06-20,0.0025374137481769692
2023-06-21,-0.006863733001106813
2023-06-26,-0.014199903960973058
2023-06-27,0.0036352240250688674
2023-06-28,0.0024261929309906775
2023-06-29,-0.00010068117530083551
2023-06-30,0.006392711832882505
2023-07-03,0.010649311782257254
2023-07-04,0.012716785492707761
2023-07-05,-0.01250137610784699
2023-07-06,0.00197828355088114
2023-07-07,0.0016115703894620543
2023-07-10,-0.02293596324644346
2023-07-11,-0.0007720413325341541
2023-07-12,-0.013065685768485649
2023-07-13,-0.008547526612225242
2023-07-14,-0.0008643378268289176
2023-07-17,-0.0017396228376344702
2023-07-18,0.003624521243157377
2023-07-19,0.0015698482183382056
2023-07-20,-0.006446121439780156
2023-07-21,0.003135644982547154
2023-07-24,0.011125516383690028
2023-07-25,0.020531479015876757
2023-07-26,-0.012257461694164442
2023-07-27,-0.0035697471611085344
2023-07-28,0.00042855074351793275
2023-07-31,0.0014388565821282662
2023-08-01,0.008209328009363477
2023-08-02,0.021243547068034087
2023-08-03,0.0002362082611163949
2023-08-04,-0.001364119668218696
2023-08-07,-0.003868058816506147
2023-08-08,0.0015352545365396632
2023-08-09,-0.0010215684055929503
2023-08-10,-0.054095543773727814
2023-08-11,0.003917931586135591
2023-08-14,-0.004778368052166398
2023-08-15,-0.00970225491621855
2023-08-16,-0.00029197060867681285
2023-08-17,-0.00884079292039903
2023-08-18,-0.0045243832937897875
2023-08-21,-0.011421973917985587
2023-08-22,0.004041733587685625
2023-08-23,-0.0058355247574829044
2023-08-24,-0.009437442480052183
2023-08-25,0.0031956711263875573
2023-08-28,0.005370550640765569
2023-08-29,-0.008681479913470867
2023-08-30,-0.009644882963652467
2023-08-31,-0.008751969712977063
2023-09-01,-0.0018938018642190267
2023-09-04,-0.011741803754012667
2023-09-05,-0.005446916199511664
2023-09-06,-0.007612990804493264
2023-09-07,0.00020657526183669866
2023-09-08,-0.015572640675315098
2023-09-11,0.015485853481958953
2023-09-12,0.01062127618676927
2023-09-13,-0.0076895905190094635
2023-09-14,-0.0032710382258310453
2023-09-15,-0.004186029651638073
2023-09-18,0.012819378060077996
2023-09-19,-0.00698287522429146
2023-09-20,-0.00228058983960871
2023-09-21,-0.011324148718112197
2023-09-22,0.006427195640909489
2023-09-25,-0.010343411327960069
2023-09-26,-0.009886920025333975
2023-09-27,0.007053869748082753
2023-09-28,0.0014435463504797758
2023-10-09,0.011502194445724756
2023-10-10,-0.003254922497362627
2023-10-11,0.00911339433416214
2023-10-12,-0.010041404465973722
2023-10-13,0.004845217756886601
2023-10-16,0.006033070864546984
2023-10-17,-0.013832111973636483
2023-10-18,-0.005201532323795433
2023-10-19,-0.0010596892789528339
2023-10-20,-0.01668680844819111
2023-10-23,-0.011559742355921662
2023-10-24,0.020164955273158935
2023-10-25,0.006544367723986828
2023-10-26,-0.014705570780229792
2023-10-27,0.02359547562496082
2023-10-30,0.012882416175816737
2023-10-31,0.024619669132482362
2023-11-01,-0.012910700629241833
2023-11-02,-0.005744999234238339
2023-11-03,-0.01544504708798533
2023-11-06,0.014202402907578595
2023-11-07,-0.002908920822983431
2023-11-08,0.014006809792175974
2023-11-09,-0.003847343103946952
2023-11-10,0.0007040789807332415
2023-11-13,0.005872964980524175
2023-11-14,-0.007972991307131591
2023-11-15,-0.0100658425699203
2023-11-16,0.006963924555190754
2023-11-17,0.01193442033861363
2023-11-20,0.010386991772878922
2023-11-21,-0.0001494863616810227
2023-11-22,0.005984875191303696
2023-11-23,0.003924867298958419
2023-11-24,0.0017550010341607011
2023-11-27,-0.016418439715488953
2023-11-28,-0.002273910093788807
2023-11-29,0.00997397811647315
2023-11-30,0.0031179331101493513
2023-12-01,0.0030356802679736283
2023-12-04,0.012709625788875072
2023-12-05,0.0023959691747939063
2023-12-06,-0.010632053965721283
2023-12-07,0.005463092564539551
2023-12-08,-0.01225509719072123
2023-12-11,0.01730100229954603
2023-12-12,-0.012702541356311122
2023-12-13,0.013319774372581448
2023-12-14,0.0009105240402876146
2023-12-15,0.0020359934631819284
2023-12-18,0.001963521934599168
2023-12-19,-0.007807359190749964
2023-12-20,0.00440486177690393
2023-12-21,-0.0008886396077972154
2023-12-22,-0.013322937703816243
2023-12-25,0.011284692176929133
2023-12-26,0.010211537070210861
2023-12-27,-0.024378790217933925
2023-12-28,-0.011267118490429176
2023-12-29,0.03791274920279995
2024-01-02,0.012504017041105701
2024-01-03,-0.0018550246573697735
2024-01-04,-0.010147359579541299
2024-01-05,-0.014825530951959973
2024-01-08,0.0016118298021466047
2024-01-09,-0.009786059471391967
2024-01-10,-0.015392791211415449
2024-01-11,0.028060231449064853
2024-01-12,-0.005601365299994316
2024-01-15,-0.0015616864984106596
2024-01-16,-0.0071512633317989405
2024-01-17,-0.0004084518940887065
2024-01-18,-0.012794476825922538
2024-01-19,-0.0017950658735495142
2024-01-22,-0.006109537203595403
2024-01-23,0.010588399126158528
2024-01-24,0.01337726684808959
2024-01-25,-0.031618372765303035
2024-01-26,-0.0071309488690185115
2024-01-29,-0.006106528455828243
2024-01-30,0.0008630262746257555
2024-01-31,0.015593911137828799
2024-02-01,-0.003530354085414647
2024-02-02,-0.012527217487192308
2024-02-05,0.031229918885169836
2024-02-06,-0.013225065505860528
2024-02-07,0.005059224058936662
2024-02-08,-0.020921522756764576
2024-02-19,0.00569907203543794
2024-02-20,0.01068601721482126
2024-02-21,-0.003222850641681949
2024-02-22,0.007556936822576394
2024-02-23,0.007190601146707636
2024-02-26,-0.008142494837625589
2024-02-27,0.005996644327074287
2024-02-28,0.014517677588854735
2024-02-29,0.011068082735673987
2024-03-01,0.006994299131986112
2024-03-04,0.0450083405039708
2024-03-05,-0.017999407715235928
2024-03-06,-0.019035750144649685
2024-03-07,0.00039384307452482864
2024-03-08,0.018132656541388
2024-03-11,-0.02501826916840693
2024-03-12,0.010623483836567891
2024-03-13,0.008525450195448864
2024-03-14,-0.009732452103954167
2024-03-15,0.003519954959198783
2024-03-18,0.0789652914975339
2024-03-19,0.006272663431817252
2024-03-20,0.012022759769632324
2024-03-21,0.0032283721656171417
2024-03-22,0.008335504386059067
2024-03-25,-0.027241327191588238
2024-03-26,0.01053548865562776
2024-03-27,0.0035852481629291832
2024-03-28,0.027293319071091688
2024-03-29,-0.027146738954273754
2024-04-01,-0.04420564613238187
2024-04-02,0.0019638559132398904
2024-04-03,-0.017965001300000817
2024-04-08,0.013856165585468549
2024-04-09,0.008111382140309348
2024-04-10,-0.001256683324823673
2024-04-11,-0.005202259083665868
2024-04-12,0.03181407151161149
2024-04-15,-0.009420480015719594
2024-04-16,-0.017247645801420505
2024-04-17,-9.133589914385454e-05
2024-04-18,-0.00789572729710841
2024-04-19,0.02135258565492611
2024-04-22,0.02425675689398907
2024-04-23,0.009733111253441524
2024-04-24,-0.008429603520358254
2024-04-25,0.039517405341076235
2024-04-26,-0.021882709561338524
2024-04-29,0.015566409228097568
2024-04-30,-0.006562093687702117
2024-05-06,0.08832429382990471
2024-05-07,0.03720749499256454
2024-05-08,-0.0036621636537824704
2024-05-09,-0.02045753764990747
2024-05-10,0.028489637313147367
2024-05-13,0.0285536991418194
2024-05-14,0.006593071985447428
2024-05-15,-0.0036689154449102077
2024-05-16,0.013268340965834027
2024-05-17,-0.03556595112396268
2024-05-20,0.002231846160917029
2024-05-21,0.021813104873782248
2024-05-22,0.011308600524415333
2024-05-23,0.0012831640081403996
2024-05-24,0.009107851237373722
2024-05-27,0.000980080997835274
2024-05-28,-0.015607810783354898
2024-05-29,0.012875358690538652
2024-05-30,0.03419952975513012
2024-05-31,-0.011329884664571908
2024-06-03,-0.010783316816865757
2024-06-04,0.00042099879834558117
2024-06-05,0.01639693054791817
2024-06-06,0.029624573782612313
2024-06-07,-0.023060340407685856
2024-06-11,-0.01251434343293522
2024-06-12,0.04636224860273655
2024-06-13,-0.009610500525406107
2024-06-14,0.06279085476203472
2024-06-17,0.07977394671824811
2024-06-18,0.019972279754782985
2024-06-19,-0.02982578534432008
2024-06-20,-0.00949203896758419
2024-06-21,0.009683753640942346
2024-06-24,0.01846262655486846
2024-06-25,0.013342962668290978
2024-06-26,0.07263246595620622
2024-06-27,-0.0013694810251490691
2024-06-28,-0.023489680489900473
2024-07-01,-0.008168545202123723
2024-07-02,0.0019386989268478302
2024-07-03,-0.002261255110430604
2024-07-04,0.00901619045292938
2024-07-05,-0.002680295927625154
2024-07-08,0.019238056605624016
2024-07-09,0.017347284211313374
2024-07-10,0.01799483900711843
2024-07-11,-0.043296361450918835
2024-07-12,-0.0142665929123312
2024-07-15,-0.020407495993630294
2024-07-16,0.007999744688651441
2024-07-17,0.004536757387258408
2024-07-18,-0.030620785292645333
2024-07-19,-0.023294956536202133
2024-07-22,0.007468652488560347
2024-07-23,0.011628240894860087
2024-07-24,-0.008004472276893004
2024-07-25,0.02727291651219653
2024-07-26,0.010885080650504727
2024-07-29,0.0066807050857468665
2024-07-30,-0.011739643754232056
2024-07-31,0.0213351604510568
2024-08-01,-0.018022167855605925
2024-08-02,0.024319340234511204
2024-08-05,-0.01119459162268252
2024-08-06,0.03210942467849654
2024-08-07,-0.022591794009069008
2024-08-08,0.009694638786285277
2024-08-09,0.007472946216899638
2024-08-12,0.007155972919669703
2024-08-13,-0.014580540478727913
2024-08-14,-0.0380750731199265
2024-08-15,-0.026683975081042144
2024-08-16,0.0005892654742873198
2024-08-19,0.00014479692724924872
2024-08-20,-0.0015609630057077193
2024-08-21,0.021132861619718377
2024-08-22,0.004050712703345851
2024-08-23,-0.0015713890901465875
2024-08-26,-0.011231517443098889
2024-08-27,0.01076350247542867
2024-08-28,0.01246075998594071
2024-08-29,-0.007164035985143582
2024-08-30,0.03998586650824412
2024-09-02,0.002574324284808336
2024-09-03,-0.0012563251840046166
2024-09-04,-0.009395487987585657
2024-09-05,0.0055173138966704265
2024-09-06,-0.0017471958878879264
2024-09-09,0.0040321543300805545
2024-09-10,-0.011520268310902589
2024-09-11,-0.005287670115246945
2024-09-12,-0.0019480521329337183
2024-09-13,0.048710038003145766
2024-09-18,-0.0644652072885456
2024-09-19,0.023317619210475066
2024-09-20,-0.0004550249643191051
2024-09-23,-0.015528435150114423
2024-09-24,0.00600267621301117
2024-09-25,-0.032615614080654345
2024-09-26,-0.06474305388709563
2024-09-27,0.025773495844932055
2024-09-30,0.017083243853709684
2024-10-08,0.002681446317215855
2024-10-09,-0.04510289405858213
2024-10-10,0.026017699141722056
2024-10-11,0.01804632090695967
2024-10-14,-0.015228076614691277
2024-10-15,-0.02079909262929348
2024-10-16,-0.03355990172585741
2024-10-17,-0.009023825618104626
2024-10-18,0.006401763867727714
2024-10-21,0.021688953394291985
2024-10-22,0.026908743554682726
2024-10-23,0.022860511187848733
2024-10-24,0.007162942744989322
2024-10-25,-0.020190028831982856
2024-10-28,0.0027959799618652355
2024-10-29,0.02421824184625716
2024-10-30,-0.016616524836851877
2024-10-31,0.021894238549358944
2024-11-01,0.004466116915746537
2024-11-04,0.0037358078307516765
2024-11-05,-0.008611582514731809
2024-11-06,-0.043284635129230045
2024-11-07,-0.03144068246666665
2024-11-08,-0.023707840351590084
2024-11-11,-0.026101093331793588
2024-11-12,0.000712197594831699
2024-11-13,0.02024391555606104
2024-11-14,-0.006282533900802061
2024-11-15,0.0034147204469707135
2024-11-18,-0.0020426778452468375
2024-11-19,-0.018223707673616953
2024-11-20,-0.003324272036482419
2024-11-21,-0.018286519655119484
2024-11-22,0.0014512814437673133
2024-11-25,-0.011340309075396175
2024-11-26,0.04664273093561836
2024-11-27,0.050569286781184
2024-11-28,-0.016051859735768594
2024-11-29,0.003854564220840847
2024-12-02,0.03679398687587816
2024-12-03,0.008075097844507434
2024-12-04,-0.03193029314771866
2024-12-05,-0.011115749804788959
2024-12-06,0.035778165205846306
2024-12-09,-0.0007075609240221135
2024-12-10,0.02248986642439324
2024-12-11,-0.0015046313211211845
2024-12-12,0.00853359910835941
2024-12-13,-0.00276996700694402
2024-12-16,0.012152321619286921
2024-12-17,0.01883216104806569
2024-12-18,-0.02782113986159919
2024-12-19,0.049527849170232535
2024-12-20,-0.04112333700810989
2024-12-23,0.00609243819484548
2024-12-24,0.0021486089921165883
2024-12-25,-0.0017790570047885154
2024-12-26,0.010492314976419816
2024-12-27,-0.025542117817165852
2024-12-30,0.0063617987706054
2024-12-31,0.003639477287918462
2025-01-02,0.007485956534318723
2025-01-03,-0.005648905116983101
2025-01-06,0.003539470538900427
2025-01-07,0.0497720437565396
2025-01-08,-0.003922023421728476
2025-01-09,0.012442206606163863
2025-01-10,-0.012412119301799921
2025-01-13,-0.03160904291805748
2025-01-14,0.006679451116311859
2025-01-15,0.010483873966917499
2025-01-16,-0.004593755113395864
2025-01-17,-0.007388408446689851
2025-01-20,0.049764891828091934
2025-01-21,0.007480943517337156
2025-01-22,-0.0047728461505377705
2025-01-23,0.013983506326386742
2025-01-24,0.021887486561528904
2025-01-27,-0.0027419276669947666
2025-02-05,-0.013715932876738042
2025-02-06,-0.026866874562117456
2025-02-07,-0.00415773147323156
2025-02-10,0.0556091433041669
2025-02-11,0.005084960901151672
2025-02-12,-0.022130542086201178
2025-02-13,-0.012757832058544895
2025-02-14,0.008354131186196921
2025-02-17,-0.0055567271513879465
2025-02-18,0.006761574264415459
2025-02-19,-0.022256663397626178
2025-02-20,0.027880780960102203
2025-02-21,-0.012384848904122794
2025-02-24,-0.010714954586045222
2025-02-25,0.043166638868704886
2025-02-26,-0.0197642656452945
2025-02-27,-0.026243433359225105
2025-02-28,0.000749010347177323
2025-03-03,-0.03341976407583448
2025-03-04,-0.00014868292529021318
2025-03-05,0.001646857416064516
2025-03-06,-0.014265679454220545
2025-03-07,0.00022177448295701563
2025-03-10,-0.0023188866592751154
2025-03-11,-0.012108666528671593
2025-03-12,0.003944946843476679
2025-03-13,-0.005587182933453904
2025-03-14,0.0031651593663462006
2025-03-17,-0.027082229455801618
2025-03-18,0.006298951998631383
2025-03-19,0.007752285706004461
2025-03-20,-0.009187827052879342
2025-03-21,0.011918688028297916
2025-03-24,0.013381578942290293
2025-03-25,0.0043049101635481805
2025-03-26,-0.011514621126062162
2025-03-27,-0.010421583777487904
2025-03-28,0.006528328440338011
2025-03-31,-0.007653577892509343
2025-04-01,-0.0016529362743909494
2025-04-02,0.02446211808352844
2025-04-03,-0.07419408057389434
2025-04-07,-0.025883473057321055
2025-04-08,-0.10400371963474811
2025-04-09,-0.05542519693849153
2025-04-10,0.044609095002945506
2025-04-11,0.041503635309210515
2025-04-14,-0.01607651694283806
2025-04-15,-0.014715759294206581
2025-04-16,-0.035847405401470085
2025-04-17,0.001254309027909354
2025-04-18,0.023207205687263865
2025-04-21,0.009958131496718549
2025-04-22,-0.009584441550460197
2025-04-23,0.03180221970754287
2025-04-24,0.003966042503031873
2025-04-25,0.029741675174577382
2025-04-28,-0.013051046927461207
2025-04-29,0.005129930142401119
2025-04-30,-0.04672594873522088
2025-05-06,0.0009067629657918894
2025-05-07,0.007780447669982285
2025-05-08,0.027558525663587928
2025-05-09,-0.014012901220937218
2025-05-12,0.029648642591193878
2025-05-13,-0.0318415029310672
2025-05-14,0.000848029811484451
2025-05-15,-0.003063591405416486
2025-05-16,0.00400189188078314
2025-05-19,-0.013462499783608443
2025-05-20,-0.004758025491428726
2025-05-21,0.012087252202507868
2025-05-22,-0.0275184649081101
2025-05-23,0.0010456028437154565
2025-05-26,0.008111326044147233
2025-05-27,-0.0077319127190967115
2025-05-28,0.002819987605741005
2025-05-29,0.010528107324537853
2025-05-30,0.01426294259679534
2025-06-03,-0.010105651828779491
2025-06-04,0.030580928006059008
2025-06-05,0.0031649600997662036
2025-06-06,-0.0071427867777714244
2025-06-09,0.012524952829274643
2025-06-10,-0.006136339946642665
2025-06-11,0.004962630342785296
2025-06-12,0.014685927957941759
2025-06-13,0.004054156795861241
2025-06-16,-0.003809003611836703
2025-06-17,0.028406390909891433
2025-06-18,0.00647077997803789
2025-06-19,-0.0030328805717275134
2025-06-20,-0.0035092917961069992
2025-06-23,0.006067865529207539
2025-06-24,-0.002096254581786457
2025-06-25,-0.013789615138353866
2025-06-26,0.010072358902732725
2025-06-27,0.03925478935351092
2025-06-30,-0.0219720213848568
2025-07-01,0.05652987948342135
2025-07-02,-0.0217274952216062
2025-07-03,0.08201287495730512
2025-07-04,0.03539120848890641
2025-07-07,0.024793811437177043
2025-07-08,0.02562397113091564
2025-07-09,-0.016374357853685503
2025-07-10,0.043306858792215006
2025-07-11,-0.043693464971050124
2025-07-14,0.04655427374314801
2025-07-15,0.09253049741678322
2025-07-16,-0.029982515906429228
2025-07-17,0.0772087661785928
2025-07-18,0.035521997703070685
2025-07-21,-0.002378800160730391
2025-07-22,-0.013408948285063359
2025-07-23,-0.04041017550416491
2025-07-24,-0.014706711322186386
2025-07-25,-0.0047204260966019936
2025-07-28,0.0844703468074445
2025-07-29,0.054376394326641736
2025-07-30,0.0187790300273624
2025-07-31,-0.013681869995183527
2025-08-01,-0.007919872461274027
2025-08-04,-0.042478218684168484
2025-08-05,-0.023393769080823246
2025-08-06,-0.015919478611393065
2025-08-07,-0.002813377360897342
2025-08-08,0.04096482569083589
2025-08-11,0.011549667006168551
2025-08-12,-0.010718238058302753
2025-08-13,0.06964475295006925
2025-08-14,-0.0702567137988072
2025-08-15,-0.03186704343649391
2025-08-18,-0.02419127636979125
2025-08-19,-0.01601344089058572
2025-08-20,0.023931908769483146
2025-08-21,-0.04786254564468559
2025-08-22,-0.00472013996654648
2025-08-25,0.003411554597892788
2025-08-26,0.0056921568029647054
2025-08-27,-0.017683263512251884
2025-08-28,0.03964617442394429
2025-08-29,0.04414209271374705
2025-09-01,-0.035660238925793404
2025-09-02,-0.03044214851343678
2025-09-03,-0.01926757487402316
2025-09-04,-0.01992165012990417
2025-09-05,0.014764293562521652
2025-09-08,-0.016730346907605217
2025-09-09,0.02001368076178392
2025-09-10,0.015730958042309482
2025-09-11,0.0342924711803172
2025-09-12,-0.026318967765983026
2025-09-15,-0.02279368278713304
2025-09-16,-0.015627725507259042
2025-09-17,-0.02650091487688699
2025-09-18,0.01436770581735516
2025-09-19,0.050256659591126664
2025-09-22,0.06591795902887018
2025-09-23,-0.01580955699344467
2025-09-24,-0.05663954990820566
2025-09-25,-0.01656071426815642
2025-09-26,-0.027050110281334853
2025-09-29,0.001134947489488277
2025-09-30,-0.028341987877940438
2025-10-09,-0.01579913929209415
2025-10-10,0.016461300253851258
2025-10-13,-0.04800843011863406
2025-10-14,-0.02177820155843116
2025-10-15,0.012895723555406899
2025-10-16,-0.0038122563596610583
2025-10-17,-0.0005361645316703384
2025-10-20,0.017022363969974065
2025-10-21,0.0407463307605305
2025-10-22,0.006686265799996385
2025-10-23,-0.028704788544359684
2025-10-24,-0.00042828832836071945
2025-10-27,0.03314920329636847
2025-10-28,0.028494721504801576
2025-10-29,-0.009385612310566518
2025-10-30,0.017088301036334675
2025-10-31,-0.0587080552515212
2025-11-03,-0.0011298490461799301
2025-11-04,0.01660394142603879
2025-11-05,-0.00893045106576474
2025-11-06,-0.020646630469895726
2025-11-07,-0.022891584755459125
2025-11-10,-0.01328039896733364
2025-11-11,0.00155872439451012
2025-11-12,-0.021258041242529998
2025-11-13,-0.010338705186282368
2025-11-14,-0.008071985642039911
2025-11-17,-0.001607820230362796
2025-11-18,0.0005135476376535229
2025-11-19,-0.005116600131006633
2025-11-20,-0.003574999208183537
2025-11-21,0.006957479144909413
2025-11-24,0.009138104905654403
2025-11-25,0.028952141471692942
2025-11-26,-0.018752568627009875
2025-11-27,-0.014018507124320217
2025-11-28,-0.0036576096098118113
2025-12-01,0.08285349587758037
2025-12-02,0.02525573889748227
2025-12-03,-0.017816755671684337
2025-12-04,-0.01947572306694055
2025-12-05,-0.0034508887899884558
2025-12-08,-0.007879897663473533
2025-12-09,0.051015240415462536
2025-12-10,-0.022032580450955783
2025-12-11,0.003170767039222644
2025-12-12,-0.036840709334953856
2025-12-15,-0.012639318609387426
2025-12-16,0.02876415290420492
2025-12-17,0.021726219589880538
2025-12-18,-0.020011382082097615
2025-12-19,-0.005617800148858388
2025-12-22,0.014988773906319808
2025-12-23,-0.011105122611656469
2025-12-24,0.02547073731146829
2025-12-25,-0.019741620385861334
2025-12-26,-0.01485995760596305
2025-12-29,0.008030024482854753
2025-12-30,-0.007259972991819296
2025-12-31,-0.003213498228782417
2026-01-05,-0.011971932470701892
2026-01-06,0.007527489370357885
2026-01-07,-0.001901580389664587
2026-01-08,-0.011024435678881757
2026-01-09,0.005197283938717772
2026-01-12,-0.040542491313248094
2026-01-13,0.026515987791386718
2026-01-14,0.039908511518343695
2026-01-15,-0.006962056143079407
2026-01-16,-0.010513059471778968
2026-01-19,-0.00487527175148293
2026-01-20,-0.033369792189640715
2026-01-21,0.015450595042088795
2026-01-22,0.10140767165532676
2026-01-23,-0.029349145236975654
2026-01-26,-0.001664320885425799
2026-01-27,0.03489408722985753
2026-01-28,-0.021074441406779262
2026-01-29,-0.019631652776258703
2026-01-30,0.007597633217451643
2026-02-02,0.07058683336777019
2026-02-03,0.04627574824068264
2026-02-04,-0.007201157345472076
2026-02-05,-0.04767640289101901
2026-02-06,0.019478960676291714
2026-02-09,-0.035710184740103956
2026-02-10,0.009107224310176082
2026-02-11,-0.024358061027244627
2026-02-12,-0.018002211080417913
2026-02-13,-0.02731002757185541
2026-02-24,0.054763300247120957
2026-02-25,0.0024323683508947896
2026-02-26,0.030781718082972306
2026-02-27,-0.04057605652649006
2026-03-02,-0.02146356085281093
2026-03-03,-0.023143149595747578
2026-03-04,-0.012039097859186474
2026-03-05,0.021768955591997888
2026-03-06,-0.030320409936751905
2026-03-09,-0.03335265393553437
2026-03-10,0.006841132415004489
2026-03-11,0.01739293187013479
2026-03-12,-0.00013920948185284186
2026-03-13,-0.013140618474299617
2026-03-16,0.04174414069650229
2026-03-17,-0.011542998890272813
2026-03-18,0.035421841997849125
2026-03-19,-0.0019245937527124432
2026-03-20,-0.012245859671735578
2026-03-23,-0.0017786053244001343
2026-03-24,-0.0058980291021963616
2026-03-25,0.005563887263600586
2026-03-26,0.0072234672757936075
2026-03-27,-0.010805320939136106
2026-03-30,0.012348692438546229
2026-03-31,0.054003042154863665
2026-04-01,-0.004566390354564347
2026-04-02,-0.021897047387914773
2026-04-03,-0.009987144247132734
2026-04-07,-0.004226616693168902
2026-04-08,0.00975450791752315
2026-04-09,0.016476866912247118
2026-04-10,-0.0016544861899957831
