order_book_id,date,institute,price_raw,price_prd,grd_coef,grd_prd,rice_create_tm,create_tm,half_year_target_price,quarter_recommendation,one_year_target_price,half_year_recommendation,one_year_recommendation
000785.XSHE,2007-03-20,东北证券,,,1,1,2024-07-10 17:53:14,2007-03-21 10:57:57,,1.0,,,
000785.XSHE,2007-06-25,长江证券,10.0000,M06,3,1,2024-07-10 04:45:14,2007-06-26 17:26:00,10.0,3.0,,,
000785.XSHE,2007-09-28,南京证券,,,2,1,2024-07-10 17:52:17,2007-10-16 17:13:23,,2.0,,,
000785.XSHE,2007-11-20,长江证券,,,2,1,2024-07-10 17:56:46,2007-12-13 17:12:28,,2.0,,,
000785.XSHE,2008-03-13,天相投顾,,,3,1,2024-07-10 17:58:17,2008-03-13 17:55:58,,3.0,,,
000785.XSHE,2008-04-16,西南证券,,,3,1,2024-07-10 17:54:54,2008-04-17 18:10:13,,3.0,,,
000785.XSHE,2009-01-09,长江证券,,,1,1,2024-07-10 17:55:38,2009-01-12 17:18:25,,1.0,,,
000785.XSHE,2009-02-22,银河证券,4.0000,M06,3,1,2024-07-10 04:45:17,2009-02-23 16:35:55,4.0,3.0,,,
000785.XSHE,2009-03-26,兴业证券,,,3,1,2024-07-10 17:56:02,2009-03-26 17:48:03,,3.0,,,
000785.XSHE,2009-04-13,银河证券,,,3,1,2024-07-10 17:56:54,2009-04-13 18:47:31,,3.0,,,
000785.XSHE,2009-05-11,民生证券,5.9000,M06,3,1,2024-07-10 04:44:14,2009-05-12 15:18:29,5.9,3.0,,,
000785.XSHE,2009-08-24,山西证券,,,3,1,2024-07-10 17:54:53,2009-08-25 15:40:06,,3.0,,,
000785.XSHE,2009-09-11,国泰海通证券,9.5000,M06,3,1,2024-07-10 04:43:51,2009-09-11 16:23:23,9.5,3.0,,,
000785.XSHE,2009-09-29,山西证券,,,3,1,2024-07-10 17:58:25,2009-10-09 16:09:52,,3.0,,,
000785.XSHE,2009-10-30,天相投顾,,,3,1,2024-07-10 17:53:35,2009-11-12 15:37:48,,3.0,,,
000785.XSHE,2010-03-26,天相投顾,,,3,1,2024-07-10 17:54:26,2010-03-26 14:08:37,,3.0,,,
000785.XSHE,2010-06-09,东北证券,,,3,1,2024-07-10 17:55:51,2010-06-10 09:02:56,,3.0,,,
000785.XSHE,2010-07-09,长江证券,,,1,1,2024-07-10 17:55:01,2010-07-10 09:28:41,,1.0,,,
000785.XSHE,2010-08-23,光大证券,12.0000,M06,2,1,2024-07-10 04:44:20,2010-08-25 13:33:46,12.0,2.0,,,
000785.XSHE,2010-08-30,东兴证券,,,2,1,2024-07-10 17:58:23,2010-08-31 12:12:36,,2.0,,,
000785.XSHE,2010-10-08,光大证券,,,2,1,2024-07-10 17:55:57,2010-10-11 11:04:22,,2.0,,,
000785.XSHE,2010-10-11,光大证券,,,2,1,2024-07-10 17:56:22,2010-10-13 09:58:35,,2.0,,,
000785.XSHE,2010-11-09,南京证券,,,2,1,2024-07-10 17:54:24,2010-11-10 11:37:14,,2.0,,,
000785.XSHE,2010-11-26,国信证券,16.7000,M06,1,1,2024-07-10 04:44:10,2010-11-26 16:03:47,16.7,1.0,,,
000785.XSHE,2010-12-03,光大证券,14.0000,M06,2,1,2024-07-10 04:44:36,2010-12-03 17:08:51,14.0,2.0,,,
000785.XSHE,2010-12-06,国信证券,16.7000,M06,1,1,2024-07-10 04:45:55,2010-12-20 17:40:18,16.7,1.0,,,
000785.XSHE,2010-12-14,国信证券,,,1,1,2024-07-10 17:55:26,2010-12-15 16:02:11,,1.0,,,
000785.XSHE,2010-12-23,万联证券,16.7000,M06,1,1,2024-07-10 04:44:13,2010-12-31 17:42:04,16.7,1.0,,,
000785.XSHE,2010-12-27,光大证券,14.0000,M06,2,1,2024-07-10 04:45:28,2010-12-27 17:39:56,14.0,2.0,,,
000785.XSHE,2010-12-28,申万宏源,14.0000,M06,2,1,2024-07-10 04:45:31,2010-12-28 17:40:07,14.0,2.0,,,
000785.XSHE,2011-01-04,光大证券,14.0000,M06,2,1,2024-07-10 04:45:54,2011-01-04 13:48:41,14.0,2.0,,,
000785.XSHE,2011-01-10,光大证券,14.0000,M06,2,1,2024-07-10 04:45:23,2011-01-10 13:48:51,14.0,2.0,,,
000785.XSHE,2011-01-11,山西证券,,,2,1,2024-07-10 17:53:55,2011-01-14 11:05:19,,2.0,,,
000785.XSHE,2011-01-13,万联证券,,,1,1,2024-07-10 17:57:59,2011-01-19 13:16:19,,1.0,,,
000785.XSHE,2011-01-17,光大证券,14.0000,M06,2,1,2024-07-10 04:44:20,2011-01-17 14:55:01,14.0,2.0,,,
000785.XSHE,2011-01-24,国信证券,,,1,1,2024-07-10 17:54:41,2011-01-25 13:49:00,,1.0,,,
000785.XSHE,2011-01-24,光大证券,14.0000,M06,2,1,2024-07-10 04:45:21,2011-01-24 11:03:58,14.0,2.0,,,
000785.XSHE,2011-01-27,天相投顾,,,3,1,2024-07-10 17:54:19,2011-01-28 10:31:44,,3.0,,,
000785.XSHE,2011-01-31,光大证券,14.0000,M06,2,1,2024-07-10 04:44:24,2011-01-31 11:37:02,14.0,2.0,,,
000785.XSHE,2011-02-09,光大证券,14.0000,M06,2,1,2024-07-10 04:44:00,2011-02-09 11:37:03,14.0,2.0,,,
000785.XSHE,2011-02-14,光大证券,14.0000,M06,2,1,2024-07-10 04:44:08,2011-02-14 13:49:04,14.0,2.0,,,
000785.XSHE,2011-02-21,光大证券,14.0000,M06,2,1,2024-07-10 04:44:47,2011-02-21 17:40:19,14.0,2.0,,,
000785.XSHE,2011-02-28,光大证券,14.0000,M06,2,1,2024-07-10 04:44:28,2011-02-28 13:16:10,14.0,2.0,,,
000785.XSHE,2011-03-04,国信证券,,,1,1,2024-07-10 17:58:07,2011-03-04 16:37:43,,1.0,,,
000785.XSHE,2011-03-07,光大证券,14.0000,M06,2,1,2024-07-10 04:45:18,2011-03-07 14:55:40,14.0,2.0,,,
000785.XSHE,2011-03-14,光大证券,13.8800,M06,2,1,2024-07-10 04:44:14,2011-03-14 16:04:01,13.88,2.0,,,
000785.XSHE,2011-03-14,国信证券,,,1,1,2024-07-10 17:55:09,2011-03-14 20:58:57,,1.0,,,
000785.XSHE,2011-03-17,国信证券,,,1,1,2024-07-10 17:57:23,2011-03-17 19:35:37,,1.0,,,
000785.XSHE,2011-03-21,光大证券,13.8800,M06,2,1,2024-07-10 04:45:37,2011-03-21 14:58:03,13.88,2.0,,,
000785.XSHE,2011-03-28,光大证券,,,2,1,2024-07-10 17:55:51,2011-03-28 11:41:12,,2.0,,,
000785.XSHE,2011-04-06,光大证券,12.0000,M06,2,1,2024-07-10 04:43:36,2011-04-07 14:55:31,12.0,2.0,,,
000785.XSHE,2011-04-09,光大证券,12.0000,M06,2,1,2024-07-10 04:44:38,2011-04-12 16:04:35,12.0,2.0,,,
000785.XSHE,2011-04-18,光大证券,12.0000,M06,2,1,2024-07-10 04:43:38,2011-04-19 10:32:07,12.0,2.0,,,
000785.XSHE,2011-04-25,光大证券,12.5000,M06,2,1,2024-07-10 04:43:36,2011-04-25 10:31:49,12.5,2.0,,,
000785.XSHE,2011-04-25,天相投顾,,,3,1,2024-07-10 17:55:22,2011-04-26 20:15:46,,3.0,,,
000785.XSHE,2011-05-03,光大证券,12.5000,M06,2,1,2024-07-10 04:43:45,2011-05-04 14:23:55,12.5,2.0,,,
000785.XSHE,2011-05-09,光大证券,12.5000,M06,2,1,2024-07-10 04:46:02,2011-05-11 14:22:53,12.5,2.0,,,
000785.XSHE,2011-05-16,光大证券,12.5000,M06,2,1,2024-07-10 04:45:01,2011-05-17 11:37:34,12.5,2.0,,,
000785.XSHE,2011-05-23,光大证券,12.5000,M06,2,1,2024-07-10 04:43:34,2011-05-23 19:06:29,12.5,2.0,,,
000785.XSHE,2011-05-30,光大证券,12.5000,M06,2,1,2024-07-10 04:44:55,2011-05-31 09:58:29,12.5,2.0,,,
000785.XSHE,2011-06-07,光大证券,12.5000,M06,2,1,2024-07-10 04:44:20,2011-06-08 16:04:41,12.5,2.0,,,
000785.XSHE,2011-06-09,国信证券,,,1,1,2024-07-10 17:55:53,2011-06-13 13:50:25,,1.0,,,
000785.XSHE,2011-06-13,光大证券,12.5000,M06,2,1,2024-07-10 04:43:47,2011-06-14 10:32:12,12.5,2.0,,,
000785.XSHE,2011-06-16,光大证券,12.5000,M06,2,1,2024-07-10 04:43:34,2011-06-16 19:06:20,12.5,2.0,,,
000785.XSHE,2011-06-20,光大证券,12.5000,M06,2,1,2024-07-10 04:44:59,2011-06-21 11:04:50,12.5,2.0,,,
000785.XSHE,2011-06-22,国信证券,,,1,1,2024-07-10 17:54:56,2011-06-22 17:08:43,,1.0,,,
000785.XSHE,2011-06-28,山西证券,,,2,1,2024-07-10 17:55:31,2011-07-01 19:02:25,,2.0,,,
000785.XSHE,2011-07-01,国信证券,,,1,1,2024-07-10 17:56:36,2011-07-01 16:08:27,,1.0,,,
000785.XSHE,2011-07-04,光大证券,12.5000,M06,2,1,2024-07-10 04:43:53,2011-07-04 19:17:24,12.5,2.0,,,
000785.XSHE,2011-07-11,光大证券,12.5000,M06,2,1,2024-07-10 04:44:34,2011-07-12 11:07:05,12.5,2.0,,,
000785.XSHE,2011-07-14,国信证券,,,1,1,2024-07-10 17:55:34,2011-07-14 16:36:54,,1.0,,,
000785.XSHE,2011-07-18,光大证券,12.5000,M06,2,1,2024-07-10 04:45:44,2011-07-18 19:07:09,12.5,2.0,,,
000785.XSHE,2011-07-23,光大证券,12.5000,M06,2,1,2024-07-10 04:45:07,2011-07-25 19:06:39,12.5,2.0,,,
000785.XSHE,2011-08-01,光大证券,12.5000,M06,2,1,2024-07-10 04:45:09,2011-08-01 16:36:07,12.5,2.0,,,
000785.XSHE,2011-08-08,光大证券,12.5000,M06,2,1,2024-07-10 04:44:53,2011-08-08 19:05:52,12.5,2.0,,,
000785.XSHE,2011-08-12,国信证券,,,1,1,2024-07-10 17:52:30,2011-08-12 16:41:09,,1.0,,,
000785.XSHE,2011-08-15,光大证券,12.5000,M06,2,1,2024-07-10 04:43:36,2011-08-16 11:06:05,12.5,2.0,,,
000785.XSHE,2011-08-22,国信证券,12.0000,M06,1,1,2024-07-10 04:44:01,2011-08-23 14:59:04,12.0,1.0,,,
000785.XSHE,2011-08-22,天相投顾,,,3,1,2024-07-10 17:53:48,2011-08-25 14:30:33,,3.0,,,
000785.XSHE,2011-08-22,光大证券,12.5000,M06,2,1,2024-07-10 04:45:55,2011-08-22 19:28:46,12.5,2.0,,,
000785.XSHE,2011-08-29,光大证券,12.0000,M06,2,1,2024-07-10 04:44:28,2011-08-30 11:44:06,12.0,2.0,,,
000785.XSHE,2011-09-05,光大证券,12.0000,M06,2,1,2024-07-10 04:44:23,2011-09-05 17:35:38,12.0,2.0,,,
000785.XSHE,2011-09-07,天相投顾,,,3,1,2024-07-10 17:54:23,2011-09-07 16:56:54,,3.0,,,
000785.XSHE,2011-09-10,东莞证券,,,2,1,2024-07-10 17:54:23,2011-09-21 11:41:22,,2.0,,,
000785.XSHE,2011-09-19,国信证券,,,1,1,2024-07-10 17:53:43,2011-09-19 18:03:15,,1.0,,,
000785.XSHE,2011-09-19,光大证券,12.0000,M06,2,1,2024-07-10 04:44:36,2011-09-19 10:36:01,12.0,2.0,,,
000785.XSHE,2011-09-26,光大证券,12.0000,M06,2,1,2024-07-10 04:45:02,2011-09-26 12:21:39,12.0,2.0,,,
000785.XSHE,2011-09-30,中金公司,,,1,1,2024-07-10 17:52:48,2011-09-30 13:26:18,,1.0,,,
000785.XSHE,2011-10-09,光大证券,12.0000,M06,2,1,2024-07-10 04:45:10,2011-10-09 20:32:18,12.0,2.0,,,
000785.XSHE,2011-10-10,光大证券,12.0000,M06,2,1,2024-07-10 04:44:10,2011-10-10 11:58:35,12.0,2.0,,,
000785.XSHE,2011-10-17,光大证券,12.0000,M06,2,1,2024-07-10 04:43:50,2011-10-20 10:56:55,12.0,2.0,,,
000785.XSHE,2011-10-19,国信证券,,,1,1,2024-07-10 17:55:56,2011-10-19 14:27:33,,1.0,,,
000785.XSHE,2011-10-21,国信证券,,,1,1,2024-07-10 17:58:20,2011-10-21 17:41:33,,1.0,,,
000785.XSHE,2011-10-24,光大证券,12.0000,M06,2,1,2024-07-10 04:45:32,2011-10-24 11:58:05,12.0,2.0,,,
000785.XSHE,2011-10-31,光大证券,10.0000,M06,2,1,2024-07-10 04:44:00,2011-10-31 20:32:43,10.0,2.0,,,
000785.XSHE,2011-11-10,国信证券,,,1,1,2024-07-10 17:53:24,2011-11-10 16:56:37,,1.0,,,
000785.XSHE,2011-11-14,光大证券,10.0000,M06,2,1,2024-07-10 04:44:47,2011-11-14 11:37:37,10.0,2.0,,,
000785.XSHE,2011-11-21,光大证券,10.0000,M06,2,1,2024-07-10 04:44:23,2011-11-21 13:47:54,10.0,2.0,,,
000785.XSHE,2011-12-01,光大证券,10.0000,M06,2,1,2024-07-10 04:44:34,2011-12-01 14:50:09,10.0,2.0,,,
000785.XSHE,2011-12-12,国信证券,,,1,1,2024-07-10 17:53:24,2011-12-14 15:18:32,,1.0,,,
000785.XSHE,2011-12-15,国信证券,,,1,1,2024-07-10 17:54:14,2011-12-16 15:37:24,,1.0,,,
000785.XSHE,2011-12-22,天相投顾,,,3,1,2024-07-10 17:56:51,2011-12-22 16:37:31,,3.0,,,
000785.XSHE,2011-12-23,光大证券,10.0000,M06,2,1,2024-07-10 04:45:56,2011-12-23 16:47:19,10.0,2.0,,,
000785.XSHE,2011-12-26,光大证券,10.0000,M06,2,1,2024-07-10 04:45:20,2011-12-26 15:53:51,10.0,2.0,,,
000785.XSHE,2012-01-04,光大证券,10.0000,M06,2,1,2024-07-10 04:44:16,2012-01-04 13:52:04,10.0,2.0,,,
000785.XSHE,2012-01-04,天相投顾,,,3,1,2024-07-10 17:54:10,2012-01-05 17:42:57,,3.0,,,
000785.XSHE,2012-01-05,光大证券,9.2000,M06,1,1,2024-07-10 04:44:07,2012-01-05 13:46:17,9.2,1.0,,,
000785.XSHE,2012-01-12,光大证券,9.2000,M06,1,1,2024-07-10 04:45:13,2012-01-13 10:15:25,9.2,1.0,,,
000785.XSHE,2012-01-16,光大证券,9.2000,M06,1,1,2024-07-10 04:44:50,2012-01-17 17:49:12,9.2,1.0,,,
000785.XSHE,2012-01-18,光大证券,9.2000,M06,1,1,2024-07-10 04:44:09,2012-01-19 12:00:49,9.2,1.0,,,
000785.XSHE,2012-01-18,国信证券,,,3,1,2024-07-10 17:58:31,2012-01-18 17:39:55,,3.0,,,
000785.XSHE,2012-01-19,光大证券,9.2000,M06,1,1,2024-07-10 04:45:30,2012-01-20 12:04:41,9.2,1.0,,,
000785.XSHE,2012-01-30,光大证券,9.2000,M06,1,1,2024-07-10 04:43:36,2012-01-30 14:12:00,9.2,1.0,,,
000785.XSHE,2012-01-31,光大证券,9.2000,M06,1,1,2024-07-10 04:44:08,2012-02-02 10:16:40,9.2,1.0,,,
000785.XSHE,2012-02-01,光大证券,9.2000,M06,1,1,2024-07-10 04:44:15,2012-02-03 10:19:20,9.2,1.0,,,
000785.XSHE,2012-02-02,光大证券,9.2000,M06,1,1,2024-07-10 04:44:57,2012-02-03 11:21:51,9.2,1.0,,,
000785.XSHE,2012-02-06,光大证券,9.2000,M06,1,1,2024-07-10 04:45:44,2012-02-07 11:39:16,9.2,1.0,,,
000785.XSHE,2012-02-07,光大证券,9.2000,M06,1,1,2024-07-10 04:43:46,2012-02-08 15:29:53,9.2,1.0,,,
000785.XSHE,2012-02-08,光大证券,9.2000,M06,1,1,2024-07-10 04:43:53,2012-02-09 15:11:33,9.2,1.0,,,
000785.XSHE,2012-02-09,光大证券,9.2000,M06,1,1,2024-07-10 04:45:45,2012-02-13 16:37:32,9.2,1.0,,,
000785.XSHE,2012-02-10,光大证券,9.2000,M06,1,1,2024-07-10 04:44:14,2012-02-13 13:23:40,9.2,1.0,,,
000785.XSHE,2012-02-13,光大证券,9.2000,M06,1,1,2024-07-10 04:43:34,2012-02-14 14:28:33,9.2,1.0,,,
000785.XSHE,2012-02-20,光大证券,9.2000,M06,1,1,2024-07-10 04:45:28,2012-02-21 12:03:47,9.2,1.0,,,
000785.XSHE,2012-02-27,光大证券,9.2000,M06,1,1,2024-07-10 04:45:47,2012-02-28 17:19:15,9.2,1.0,,,
000785.XSHE,2012-03-05,光大证券,9.2000,M06,1,1,2024-07-10 04:44:34,2012-03-06 12:42:42,9.2,1.0,,,
000785.XSHE,2012-03-09,光大证券,9.2000,M06,1,1,2024-07-10 04:44:08,2012-03-12 10:52:49,9.2,1.0,,,
000785.XSHE,2012-03-12,天相投顾,,,3,1,2024-07-10 17:52:37,2012-03-14 12:39:07,,3.0,,,
000785.XSHE,2012-03-12,光大证券,,,2,1,2024-07-10 17:52:48,2012-03-15 10:12:02,,2.0,,,
000785.XSHE,2012-03-20,民生证券,,,1,1,2024-07-10 17:57:07,2012-03-21 17:32:17,,1.0,,,
000785.XSHE,2012-03-21,光大证券,,,2,1,2024-07-10 17:58:43,2012-03-22 12:18:18,,2.0,,,
000785.XSHE,2012-03-22,光大证券,,,2,1,2024-07-10 17:55:29,2012-03-23 11:56:11,,2.0,,,
000785.XSHE,2012-03-26,光大证券,,,2,1,2024-07-10 17:54:41,2012-03-26 10:53:00,,2.0,,,
000785.XSHE,2012-03-26,民生证券,,,1,1,2024-07-10 17:55:26,2012-03-26 20:36:41,,1.0,,,
000785.XSHE,2012-03-26,中金财富,8.2800,M06,2,1,2024-07-10 04:45:11,2012-03-26 20:36:41,8.28,2.0,,,
000785.XSHE,2012-03-27,光大证券,,,2,1,2024-07-10 17:54:55,2012-03-29 10:55:16,,2.0,,,
000785.XSHE,2012-03-28,光大证券,,,2,1,2024-07-10 17:56:32,2012-03-29 21:15:59,,2.0,,,
000785.XSHE,2012-03-29,光大证券,,,2,1,2024-07-10 17:52:24,2012-03-30 21:16:04,,2.0,,,
000785.XSHE,2012-04-05,民生证券,,,1,1,2024-07-10 17:56:23,2012-04-06 16:55:03,,1.0,,,
000785.XSHE,2012-04-05,光大证券,,,2,1,2024-07-10 17:56:52,2012-04-06 15:50:10,,2.0,,,
000785.XSHE,2012-04-06,光大证券,,,2,1,2024-07-10 17:55:16,2012-04-09 16:09:42,,2.0,,,
000785.XSHE,2012-04-08,民生证券,,,1,1,2024-07-10 17:52:15,2012-04-09 17:12:34,,1.0,,,
000785.XSHE,2012-04-09,光大证券,,,2,1,2024-07-10 17:54:38,2012-04-11 17:53:46,,2.0,,,
000785.XSHE,2012-04-10,光大证券,,,2,1,2024-07-10 17:58:05,2012-04-12 10:35:47,,2.0,,,
000785.XSHE,2012-04-11,光大证券,,,2,1,2024-07-10 17:53:05,2012-04-12 10:53:58,,2.0,,,
000785.XSHE,2012-04-13,光大证券,,,2,1,2024-07-10 17:52:24,2012-04-16 12:27:54,,2.0,,,
000785.XSHE,2012-04-13,民生证券,,,1,1,2024-07-10 17:56:40,2012-04-16 12:27:54,,1.0,,,
000785.XSHE,2012-04-16,民生证券,,,1,1,2024-07-10 17:52:38,2012-04-16 20:31:13,,1.0,,,
000785.XSHE,2012-04-18,民生证券,,,1,1,2024-07-10 17:58:05,2012-04-19 11:37:02,,1.0,,,
000785.XSHE,2012-04-19,民生证券,,,1,1,2024-07-10 17:52:29,2012-04-23 20:35:11,,1.0,,,
000785.XSHE,2012-04-22,民生证券,,,1,1,2024-07-10 17:58:21,2012-04-24 16:41:51,,1.0,,,
000785.XSHE,2012-04-24,民生证券,,,1,1,2024-07-10 17:55:54,2012-04-24 20:43:18,,1.0,,,
000785.XSHE,2012-04-24,光大证券,8.0000,M06,2,1,2024-07-10 04:45:55,2012-04-24 16:41:51,8.0,2.0,,,
000785.XSHE,2012-04-24,天相投顾,,,3,1,2024-07-10 17:58:34,2012-04-24 16:41:51,,3.0,,,
000785.XSHE,2012-04-26,民生证券,,,1,1,2024-07-10 17:58:14,2012-04-26 20:33:52,,1.0,,,
000785.XSHE,2012-05-02,光大证券,8.0000,M06,2,1,2024-07-10 04:43:43,2012-05-02 11:18:35,8.0,2.0,,,
000785.XSHE,2012-05-02,民生证券,,,1,1,2024-07-10 17:58:16,2012-05-03 10:53:34,,1.0,,,
000785.XSHE,2012-05-03,民生证券,,,1,1,2024-07-10 17:53:01,2012-05-03 15:49:41,,1.0,,,
000785.XSHE,2012-05-04,光大证券,8.0000,M06,2,1,2024-07-10 04:44:55,2012-05-07 11:13:54,8.0,2.0,,,
000785.XSHE,2012-05-07,光大证券,8.0000,M06,2,1,2024-07-10 04:44:19,2012-05-07 11:13:54,8.0,2.0,,,
000785.XSHE,2012-05-08,光大证券,8.0000,M06,2,1,2024-07-10 04:45:54,2012-05-09 10:52:44,8.0,2.0,,,
000785.XSHE,2012-05-09,光大证券,8.0000,M06,2,1,2024-07-10 04:45:11,2012-05-10 11:13:54,8.0,2.0,,,
000785.XSHE,2012-05-10,光大证券,8.0000,M06,2,1,2024-07-10 04:45:38,2012-05-11 15:05:27,8.0,2.0,,,
000785.XSHE,2012-05-11,民生证券,,,1,1,2024-07-10 17:52:23,2012-05-14 11:55:16,,1.0,,,
000785.XSHE,2012-05-11,天相投顾,,,3,1,2024-07-10 17:52:47,2012-05-11 20:34:55,,3.0,,,
000785.XSHE,2012-05-11,光大证券,8.0000,M06,2,1,2024-07-10 04:44:08,2012-05-11 20:34:55,8.0,2.0,,,
000785.XSHE,2012-05-14,光大证券,8.0000,M06,2,1,2024-07-10 04:44:02,2012-05-14 10:52:17,8.0,2.0,,,
000785.XSHE,2012-05-14,民生证券,,,1,1,2024-07-10 17:55:42,2012-05-14 11:55:16,,1.0,,,
000785.XSHE,2012-05-15,光大证券,8.0000,M06,2,1,2024-07-10 04:44:23,2012-05-18 11:37:08,8.0,2.0,,,
000785.XSHE,2012-05-15,民生证券,,,1,1,2024-07-10 17:57:25,2012-05-16 11:14:11,,1.0,,,
000785.XSHE,2012-05-16,光大证券,8.0000,M06,2,1,2024-07-10 04:45:23,2012-05-18 11:37:09,8.0,2.0,,,
000785.XSHE,2012-05-21,民生证券,,,1,1,2024-07-10 17:56:07,2012-05-21 17:10:24,,1.0,,,
000785.XSHE,2012-05-21,光大证券,8.0000,M06,2,1,2024-07-10 04:45:24,2012-05-21 10:52:26,8.0,2.0,,,
000785.XSHE,2012-05-23,光大证券,8.0000,M06,2,1,2024-07-10 04:44:51,2012-05-24 10:11:07,8.0,2.0,,,
000785.XSHE,2012-05-24,光大证券,8.0000,M06,2,1,2024-07-10 04:44:56,2012-05-24 20:35:11,8.0,2.0,,,
000785.XSHE,2012-05-25,光大证券,8.0000,M06,2,1,2024-07-10 04:44:33,2012-05-28 11:57:27,8.0,2.0,,,
000785.XSHE,2012-05-26,光大证券,8.0000,M06,2,1,2024-07-10 04:45:57,2012-05-28 11:57:27,8.0,2.0,,,
000785.XSHE,2012-05-27,民生证券,,,1,1,2024-07-10 17:52:14,2012-05-28 12:59:26,,1.0,,,
000785.XSHE,2012-05-28,光大证券,8.0000,M06,2,1,2024-07-10 04:45:41,2012-05-28 12:16:40,8.0,2.0,,,
000785.XSHE,2012-05-29,光大证券,8.0000,M06,2,1,2024-07-10 04:45:25,2012-05-29 20:35:12,8.0,2.0,,,
000785.XSHE,2012-05-30,光大证券,8.0000,M06,2,1,2024-07-10 04:45:06,2012-05-30 17:31:30,8.0,2.0,,,
000785.XSHE,2012-05-31,光大证券,8.0000,M06,2,1,2024-07-10 04:45:34,2012-05-31 17:31:38,8.0,2.0,,,
000785.XSHE,2012-06-01,光大证券,8.0000,M06,2,1,2024-07-10 04:44:59,2012-06-01 17:52:47,8.0,2.0,,,
000785.XSHE,2012-06-04,光大证券,8.0000,M06,2,1,2024-07-10 04:44:56,2012-06-04 10:31:30,8.0,2.0,,,
000785.XSHE,2012-06-04,民生证券,,,1,1,2024-07-10 17:56:41,2012-06-04 15:25:20,,1.0,,,
000785.XSHE,2012-06-05,光大证券,8.0000,M06,2,1,2024-07-10 04:45:11,2012-06-06 10:52:35,8.0,2.0,,,
000785.XSHE,2012-06-07,光大证券,8.0000,M06,2,1,2024-07-10 04:44:02,2012-06-07 20:33:33,8.0,2.0,,,
000785.XSHE,2012-06-08,光大证券,8.0000,M06,2,1,2024-07-10 04:43:32,2012-06-08 15:48:55,8.0,2.0,,,
000785.XSHE,2012-06-11,光大证券,8.0000,M06,2,1,2024-07-10 04:44:37,2012-06-11 10:52:46,8.0,2.0,,,
000785.XSHE,2012-06-11,民生证券,,,1,1,2024-07-10 17:56:47,2012-06-11 20:34:40,,1.0,,,
000785.XSHE,2012-06-12,光大证券,6.0000,M06,3,1,2024-07-10 04:44:19,2012-06-12 11:34:09,6.0,3.0,,,
000785.XSHE,2012-06-13,光大证券,8.0000,M06,2,1,2024-07-10 04:45:39,2012-06-13 20:35:13,8.0,2.0,,,
000785.XSHE,2012-06-14,光大证券,8.0000,M06,2,1,2024-07-10 04:44:34,2012-06-15 11:13:37,8.0,2.0,,,
000785.XSHE,2012-06-15,光大证券,8.0000,M06,2,1,2024-07-10 04:44:30,2012-06-16 11:13:01,8.0,2.0,,,
000785.XSHE,2012-06-18,民生证券,,,1,1,2024-07-10 17:53:40,2012-06-18 20:42:38,,1.0,,,
000785.XSHE,2012-06-18,光大证券,6.0000,M06,3,1,2024-07-10 04:45:40,2012-06-18 11:34:03,6.0,3.0,,,
000785.XSHE,2012-06-19,光大证券,8.0000,M06,2,1,2024-07-10 04:45:04,2012-06-20 10:10:27,8.0,2.0,,,
000785.XSHE,2012-06-20,光大证券,8.0000,M06,2,1,2024-07-10 04:45:01,2012-06-21 10:31:42,8.0,2.0,,,
000785.XSHE,2012-06-21,光大证券,6.0000,M06,3,1,2024-07-10 04:45:55,2012-06-21 15:25:33,6.0,3.0,,,
000785.XSHE,2012-06-25,光大证券,6.0000,M06,3,1,2024-07-10 04:43:37,2012-06-25 10:18:43,6.0,3.0,,,
000785.XSHE,2012-06-26,光大证券,6.0000,M06,3,1,2024-07-10 04:43:50,2012-06-26 20:38:34,6.0,3.0,,,
000785.XSHE,2012-06-27,光大证券,8.0000,M06,2,1,2024-07-10 04:44:44,2012-06-28 10:53:15,8.0,2.0,,,
000785.XSHE,2012-06-28,光大证券,8.0000,M06,2,1,2024-07-10 04:43:58,2012-06-29 10:32:55,8.0,2.0,,,
000785.XSHE,2012-06-29,光大证券,8.0000,M06,2,1,2024-07-10 04:43:36,2012-06-30 11:55:43,8.0,2.0,,,
000785.XSHE,2012-07-02,光大证券,6.0000,M06,3,1,2024-07-10 04:43:37,2012-07-02 10:31:34,6.0,3.0,,,
000785.XSHE,2012-07-03,光大证券,8.0000,M06,2,1,2024-07-10 04:43:37,2012-07-03 17:52:29,8.0,2.0,,,
000785.XSHE,2012-07-04,光大证券,8.0000,M06,2,1,2024-07-10 04:45:58,2012-07-04 20:31:05,8.0,2.0,,,
000785.XSHE,2012-07-05,光大证券,8.0000,M06,2,1,2024-07-10 04:45:09,2012-07-05 17:52:14,8.0,2.0,,,
000785.XSHE,2012-07-09,光大证券,6.0000,M06,3,1,2024-07-10 04:44:41,2012-07-09 10:13:21,6.0,3.0,,,
000785.XSHE,2012-07-13,光大证券,6.0000,M06,3,1,2024-07-10 04:44:05,2012-07-13 20:48:09,6.0,3.0,,,
000785.XSHE,2012-07-16,光大证券,6.0000,M06,3,1,2024-07-10 04:43:53,2012-07-16 10:52:09,6.0,3.0,,,
000785.XSHE,2012-07-17,光大证券,6.0000,M06,3,1,2024-07-10 04:43:36,2012-07-17 20:38:47,6.0,3.0,,,
000785.XSHE,2012-07-18,光大证券,6.0000,M06,3,1,2024-07-10 04:45:02,2012-07-19 14:24:30,6.0,3.0,,,
000785.XSHE,2012-07-19,光大证券,6.0000,M06,3,1,2024-07-10 04:45:22,2012-07-19 20:43:33,6.0,3.0,,,
000785.XSHE,2012-07-23,光大证券,6.0000,M06,3,1,2024-07-10 04:44:17,2012-07-23 20:51:01,6.0,3.0,,,
000785.XSHE,2012-07-24,光大证券,6.0000,M06,3,1,2024-07-10 04:44:34,2012-07-24 20:50:24,6.0,3.0,,,
000785.XSHE,2012-07-25,光大证券,6.0000,M06,3,1,2024-07-10 04:45:34,2012-07-25 17:53:35,6.0,3.0,,,
000785.XSHE,2012-07-26,光大证券,6.0000,M06,3,1,2024-07-10 04:43:48,2012-07-26 20:46:05,6.0,3.0,,,
000785.XSHE,2012-07-30,中信证券,9.0000,M06,2,1,2024-07-10 04:44:12,2012-07-30 20:47:39,9.0,2.0,,,
000785.XSHE,2012-07-30,光大证券,6.0000,M06,3,1,2024-07-10 04:44:57,2012-07-30 10:53:23,6.0,3.0,,,
000785.XSHE,2012-07-31,光大证券,6.0000,M06,3,1,2024-07-10 04:44:52,2012-07-31 20:45:13,6.0,3.0,,,
000785.XSHE,2012-08-01,光大证券,6.0000,M06,3,1,2024-07-10 04:44:07,2012-08-01 20:38:57,6.0,3.0,,,
000785.XSHE,2012-08-02,光大证券,6.0000,M06,3,1,2024-07-10 04:44:11,2012-08-03 10:14:16,6.0,3.0,,,
000785.XSHE,2012-08-03,光大证券,6.0000,M06,3,1,2024-07-10 04:44:43,2012-08-03 20:56:21,6.0,3.0,,,
000785.XSHE,2012-08-06,光大证券,6.0000,M06,3,1,2024-07-10 04:45:37,2012-08-06 10:31:36,6.0,3.0,,,
000785.XSHE,2012-08-07,光大证券,6.0000,M06,3,1,2024-07-10 04:43:41,2012-08-08 10:39:31,6.0,3.0,,,
000785.XSHE,2012-08-08,光大证券,6.0000,M06,3,1,2024-07-10 04:44:05,2012-08-08 11:15:27,6.0,3.0,,,
000785.XSHE,2012-08-09,光大证券,6.0000,M06,3,1,2024-07-10 04:44:31,2012-08-09 17:30:54,6.0,3.0,,,
000785.XSHE,2012-08-10,光大证券,6.0000,M06,3,1,2024-07-10 04:45:17,2012-08-10 20:42:53,6.0,3.0,,,
000785.XSHE,2012-08-13,光大证券,6.0000,M06,3,1,2024-07-10 04:43:32,2012-08-13 13:47:06,6.0,3.0,,,
000785.XSHE,2012-08-14,光大证券,6.0000,M06,3,1,2024-07-10 04:46:01,2012-08-14 17:52:08,6.0,3.0,,,
000785.XSHE,2012-08-15,光大证券,6.0000,M06,3,1,2024-07-10 04:43:45,2012-08-15 20:37:48,6.0,3.0,,,
000785.XSHE,2012-08-17,光大证券,6.0000,M06,3,1,2024-07-10 04:45:30,2012-08-17 20:39:19,6.0,3.0,,,
000785.XSHE,2012-08-20,光大证券,6.0000,M06,3,1,2024-07-10 04:44:12,2012-08-20 10:14:18,6.0,3.0,,,
000785.XSHE,2012-08-21,光大证券,7.9800,M06,2,1,2024-07-10 04:45:25,2012-08-21 20:37:25,7.98,2.0,,,
000785.XSHE,2012-08-22,光大证券,7.9800,M06,2,1,2024-07-10 04:44:38,2012-08-22 20:51:01,7.98,2.0,,,
000785.XSHE,2012-08-23,光大证券,7.9800,M06,2,1,2024-07-10 04:45:04,2012-08-23 20:38:02,7.98,2.0,,,
000785.XSHE,2012-08-27,光大证券,7.9800,M06,2,1,2024-07-10 04:44:58,2012-08-27 11:54:53,7.98,2.0,,,
000785.XSHE,2012-08-28,光大证券,6.1800,M06,2,1,2024-07-10 04:44:03,2012-08-29 09:37:51,6.18,2.0,,,
000785.XSHE,2012-08-29,光大证券,,,2,1,2024-07-10 17:58:36,2012-08-30 11:55:17,,2.0,,,
000785.XSHE,2012-08-30,光大证券,,,2,1,2024-07-10 17:56:35,2012-08-30 20:37:44,,2.0,,,
000785.XSHE,2012-08-31,光大证券,,,2,1,2024-07-10 17:57:55,2012-08-31 20:39:21,,2.0,,,
000785.XSHE,2012-09-03,光大证券,,,2,1,2024-07-10 17:55:27,2012-09-03 10:37:59,,2.0,,,
000785.XSHE,2012-09-05,光大证券,,,2,1,2024-07-10 17:57:55,2012-09-05 20:38:59,,2.0,,,
000785.XSHE,2012-09-06,光大证券,,,2,1,2024-07-10 17:56:49,2012-09-06 17:51:58,,2.0,,,
000785.XSHE,2012-09-07,光大证券,,,2,1,2024-07-10 17:53:07,2012-09-07 20:43:22,,2.0,,,
000785.XSHE,2012-09-09,光大证券,,,2,1,2024-07-10 17:53:00,2012-09-10 13:01:58,,2.0,,,
000785.XSHE,2012-09-10,光大证券,,,2,1,2024-07-10 17:57:16,2012-09-10 13:01:58,,2.0,,,
000785.XSHE,2012-09-11,光大证券,,,2,1,2024-07-10 17:54:38,2012-09-11 20:45:16,,2.0,,,
000785.XSHE,2012-09-12,光大证券,,,2,1,2024-07-10 17:53:56,2012-09-12 20:45:04,,2.0,,,
000785.XSHE,2012-09-13,光大证券,,,2,1,2024-07-10 17:54:07,2012-09-14 12:23:19,,2.0,,,
000785.XSHE,2012-09-14,光大证券,,,2,1,2024-07-10 17:53:37,2012-09-14 15:51:47,,2.0,,,
000785.XSHE,2012-09-17,光大证券,,,2,1,2024-07-10 17:56:03,2012-09-17 16:20:39,,2.0,,,
000785.XSHE,2012-09-18,光大证券,,,2,1,2024-07-10 17:53:06,2012-09-18 17:52:37,,2.0,,,
000785.XSHE,2012-09-19,光大证券,,,2,1,2024-07-10 17:55:24,2012-09-19 20:40:55,,2.0,,,
000785.XSHE,2012-09-20,光大证券,,,2,1,2024-07-10 17:58:02,2012-09-21 14:27:44,,2.0,,,
000785.XSHE,2012-09-24,光大证券,,,2,1,2024-07-10 17:57:44,2012-09-24 11:34:58,,2.0,,,
000785.XSHE,2012-09-25,光大证券,,,2,1,2024-07-10 17:57:18,2012-09-25 20:49:03,,2.0,,,
000785.XSHE,2012-09-26,光大证券,6.1800,M06,2,1,2024-07-10 04:44:27,2012-09-27 16:08:04,6.18,2.0,,,
000785.XSHE,2012-09-27,光大证券,6.1800,M06,2,1,2024-07-10 04:44:21,2012-09-28 13:25:04,6.18,2.0,,,
000785.XSHE,2012-10-07,光大证券,,,2,1,2024-07-10 17:54:39,2012-10-08 11:13:19,,2.0,,,
000785.XSHE,2012-10-08,光大证券,,,2,1,2024-07-10 17:58:44,2012-10-08 11:13:19,,2.0,,,
000785.XSHE,2012-10-09,光大证券,,,2,1,2024-07-10 17:56:25,2012-10-09 17:52:27,,2.0,,,
000785.XSHE,2012-10-10,光大证券,,,2,1,2024-07-10 17:53:29,2012-10-11 09:08:51,,2.0,,,
000785.XSHE,2012-10-11,光大证券,,,2,1,2024-07-10 17:57:03,2012-10-12 10:30:46,,2.0,,,
000785.XSHE,2012-10-12,光大证券,,,2,1,2024-07-10 17:57:28,2012-10-15 11:37:15,,2.0,,,
000785.XSHE,2012-10-15,光大证券,,,2,1,2024-07-10 17:53:40,2012-10-16 11:13:36,,2.0,,,
000785.XSHE,2012-10-16,光大证券,,,2,1,2024-07-10 17:56:03,2012-10-16 20:47:05,,2.0,,,
000785.XSHE,2012-10-17,光大证券,,,2,1,2024-07-10 17:52:57,2012-10-18 09:50:13,,2.0,,,
000785.XSHE,2012-10-18,光大证券,,,2,1,2024-07-10 17:54:19,2012-10-18 15:46:29,,2.0,,,
000785.XSHE,2012-10-19,光大证券,,,2,1,2024-07-10 17:54:11,2012-10-19 17:51:53,,2.0,,,
000785.XSHE,2012-10-22,光大证券,,,2,1,2024-07-10 17:58:17,2012-10-22 11:42:43,,2.0,,,
000785.XSHE,2012-10-23,光大证券,,,2,1,2024-07-10 17:53:10,2012-10-23 23:17:43,,2.0,,,
000785.XSHE,2012-10-24,光大证券,,,2,1,2024-07-10 17:57:45,2012-10-25 00:26:29,,2.0,,,
000785.XSHE,2012-10-25,光大证券,,,2,1,2024-07-10 17:54:45,2012-10-26 10:33:40,,2.0,,,
000785.XSHE,2012-10-26,光大证券,,,2,1,2024-07-10 17:53:53,2012-10-27 13:59:47,,2.0,,,
000785.XSHE,2012-10-29,光大证券,6.1800,M06,2,1,2024-07-10 04:44:18,2012-10-29 16:09:17,6.18,2.0,,,
000785.XSHE,2012-10-30,光大证券,5.0000,M06,3,1,2024-07-10 04:43:59,2012-10-31 10:45:47,5.0,3.0,,,
000785.XSHE,2012-10-30,天相投顾,,,3,1,2024-07-10 17:54:10,2012-10-31 10:45:47,,3.0,,,
000785.XSHE,2012-10-31,光大证券,5.0000,M06,3,1,2024-07-10 04:45:57,2012-11-01 15:12:38,5.0,3.0,,,
000785.XSHE,2012-11-01,光大证券,5.0000,M06,3,1,2024-07-10 04:43:44,2012-11-02 10:45:26,5.0,3.0,,,
000785.XSHE,2012-11-02,光大证券,5.0000,M06,3,1,2024-07-10 04:45:42,2012-11-02 21:40:11,5.0,3.0,,,
000785.XSHE,2012-11-05,光大证券,5.0000,M06,3,1,2024-07-10 04:44:51,2012-11-05 17:30:01,5.0,3.0,,,
000785.XSHE,2012-11-06,光大证券,5.0000,M06,3,1,2024-07-10 04:43:47,2012-11-06 17:51:40,5.0,3.0,,,
000785.XSHE,2012-11-07,光大证券,5.0000,M06,3,1,2024-07-10 04:43:39,2012-11-07 17:30:29,5.0,3.0,,,
000785.XSHE,2012-11-08,天相投顾,,,3,1,2024-07-10 17:54:01,2012-11-08 11:12:28,,3.0,,,
000785.XSHE,2012-11-08,光大证券,5.0000,M06,3,1,2024-07-10 04:44:30,2012-11-09 10:12:01,5.0,3.0,,,
000785.XSHE,2012-11-09,光大证券,5.0000,M06,3,1,2024-07-10 04:45:44,2012-11-09 18:00:14,5.0,3.0,,,
000785.XSHE,2012-11-12,光大证券,5.0000,M06,3,1,2024-07-10 04:45:38,2012-11-12 11:35:43,5.0,3.0,,,
000785.XSHE,2012-11-13,光大证券,5.0000,M06,3,1,2024-07-10 04:45:49,2012-11-13 17:30:29,5.0,3.0,,,
000785.XSHE,2012-11-14,光大证券,5.0000,M06,3,1,2024-07-10 04:44:07,2012-11-14 21:40:11,5.0,3.0,,,
000785.XSHE,2012-11-15,光大证券,5.0000,M06,3,1,2024-07-10 04:44:44,2012-11-15 17:58:43,5.0,3.0,,,
000785.XSHE,2012-11-16,光大证券,5.0000,M06,3,1,2024-07-10 04:45:35,2012-11-16 21:29:47,5.0,3.0,,,
000785.XSHE,2012-11-19,光大证券,5.0000,M06,3,1,2024-07-10 04:45:54,2012-11-19 10:10:07,5.0,3.0,,,
000785.XSHE,2012-11-20,光大证券,5.0000,M06,3,1,2024-07-10 04:44:51,2012-11-20 17:30:13,5.0,3.0,,,
000785.XSHE,2012-11-21,光大证券,5.0000,M06,3,1,2024-07-10 04:45:55,2012-11-22 10:36:17,5.0,3.0,,,
000785.XSHE,2012-11-22,光大证券,5.0000,M06,3,1,2024-07-10 04:43:49,2012-11-22 17:11:25,5.0,3.0,,,
000785.XSHE,2012-11-24,光大证券,5.0000,M06,3,1,2024-07-10 04:43:49,2012-11-26 10:11:18,5.0,3.0,,,
000785.XSHE,2012-11-26,光大证券,5.0000,M06,3,1,2024-07-10 04:43:55,2012-11-26 10:11:18,5.0,3.0,,,
000785.XSHE,2012-11-28,光大证券,5.0000,M06,3,1,2024-07-10 04:45:28,2012-11-28 17:51:26,5.0,3.0,,,
000785.XSHE,2012-11-29,光大证券,5.0000,M06,3,1,2024-07-10 04:45:09,2012-11-29 17:50:45,5.0,3.0,,,
000785.XSHE,2012-11-30,光大证券,5.0000,M06,3,1,2024-07-10 04:43:35,2012-12-01 11:18:49,5.0,3.0,,,
000785.XSHE,2012-12-03,光大证券,5.0000,M06,3,1,2024-07-10 04:44:02,2012-12-03 09:49:02,5.0,3.0,,,
000785.XSHE,2012-12-04,光大证券,5.0000,M06,3,1,2024-07-10 04:46:01,2012-12-04 17:49:57,5.0,3.0,,,
000785.XSHE,2012-12-06,光大证券,5.0000,M06,3,1,2024-07-10 04:45:18,2012-12-07 09:51:08,5.0,3.0,,,
000785.XSHE,2012-12-07,光大证券,5.0000,M06,3,1,2024-07-10 04:44:56,2012-12-07 21:37:04,5.0,3.0,,,
000785.XSHE,2012-12-09,光大证券,5.0000,M06,3,1,2024-07-10 04:45:31,2012-12-10 10:09:07,5.0,3.0,,,
000785.XSHE,2012-12-10,光大证券,5.0000,M06,3,1,2024-07-10 04:44:51,2012-12-10 10:09:07,5.0,3.0,,,
000785.XSHE,2012-12-11,光大证券,5.0000,M06,3,1,2024-07-10 04:46:03,2012-12-11 17:19:21,5.0,3.0,,,
000785.XSHE,2012-12-12,光大证券,5.0000,M06,3,1,2024-07-10 04:45:50,2012-12-13 09:58:17,5.0,3.0,,,
000785.XSHE,2012-12-13,光大证券,5.0000,M06,3,1,2024-07-10 04:44:33,2012-12-13 17:34:33,5.0,3.0,,,
000785.XSHE,2012-12-14,光大证券,5.0000,M06,3,1,2024-07-10 04:45:56,2012-12-14 21:53:49,5.0,3.0,,,
000785.XSHE,2012-12-15,光大证券,5.0000,M06,3,1,2024-07-10 04:43:50,2012-12-05 12:12:31,5.0,3.0,,,
000785.XSHE,2012-12-16,光大证券,5.0000,M06,3,1,2024-07-10 04:45:02,2012-12-17 10:55:12,5.0,3.0,,,
000785.XSHE,2012-12-17,光大证券,5.0000,M06,3,1,2024-07-10 04:44:54,2012-12-17 10:55:12,5.0,3.0,,,
000785.XSHE,2012-12-18,光大证券,5.0000,M06,3,1,2024-07-10 04:44:51,2012-12-19 10:56:09,5.0,3.0,,,
000785.XSHE,2012-12-19,光大证券,5.0000,M06,3,1,2024-07-10 04:44:51,2012-12-20 11:16:35,5.0,3.0,,,
000785.XSHE,2012-12-20,光大证券,5.0000,M06,3,1,2024-07-10 04:45:21,2012-12-21 11:18:15,5.0,3.0,,,
000785.XSHE,2012-12-21,光大证券,5.0000,M06,3,1,2024-07-10 04:45:35,2012-12-22 11:28:30,5.0,3.0,,,
000785.XSHE,2012-12-24,光大证券,5.0000,M06,3,1,2024-07-10 04:45:15,2012-12-24 10:41:42,5.0,3.0,,,
000785.XSHE,2012-12-25,光大证券,5.0000,M06,3,1,2024-07-10 04:45:58,2012-12-26 11:16:46,5.0,3.0,,,
000785.XSHE,2012-12-26,光大证券,5.0000,M06,3,1,2024-07-10 04:45:01,2012-12-27 11:03:20,5.0,3.0,,,
000785.XSHE,2012-12-27,光大证券,5.0000,M06,3,1,2024-07-10 04:45:41,2012-12-28 11:17:37,5.0,3.0,,,
000785.XSHE,2012-12-28,光大证券,5.0000,M06,3,1,2024-07-10 04:44:09,2012-12-29 09:59:48,5.0,3.0,,,
000785.XSHE,2013-01-04,光大证券,5.0000,M06,3,1,2024-07-10 04:44:50,2013-01-05 09:53:51,5.0,3.0,,,
000785.XSHE,2013-01-07,光大证券,5.0000,M06,3,1,2024-07-10 04:44:21,2013-01-07 10:17:34,5.0,3.0,,,
000785.XSHE,2013-01-08,光大证券,5.0000,M06,3,1,2024-07-10 04:45:00,2013-01-09 09:13:40,5.0,3.0,,,
000785.XSHE,2013-01-09,光大证券,5.0000,M06,3,1,2024-07-10 04:44:03,2013-01-10 10:40:09,5.0,3.0,,,
000785.XSHE,2013-01-10,光大证券,5.0000,M06,3,1,2024-07-10 04:43:54,2013-01-11 09:55:56,5.0,3.0,,,
000785.XSHE,2013-01-12,光大证券,5.0000,M06,3,1,2024-07-10 04:44:04,2013-01-14 09:53:29,5.0,3.0,,,
000785.XSHE,2013-01-14,光大证券,5.0000,M06,3,1,2024-07-10 04:43:43,2013-01-15 21:30:51,5.0,3.0,,,
000785.XSHE,2013-01-15,光大证券,,,3,1,2024-07-10 17:58:22,2013-01-16 11:04:49,,3.0,,,
000785.XSHE,2013-01-16,光大证券,,,3,1,2024-07-10 17:57:00,2013-01-17 10:41:58,,3.0,,,
000785.XSHE,2013-01-17,光大证券,,,3,1,2024-07-10 17:53:12,2013-01-18 10:18:34,,3.0,,,
000785.XSHE,2013-01-18,光大证券,,,3,1,2024-07-10 17:54:27,2013-01-18 17:10:18,,3.0,,,
000785.XSHE,2013-01-21,光大证券,5.0000,M06,3,1,2024-07-10 04:44:34,2013-01-21 17:33:21,5.0,3.0,,,
000785.XSHE,2013-01-22,光大证券,,,3,1,2024-07-10 17:54:32,2013-01-23 13:43:34,,3.0,,,
000785.XSHE,2013-01-23,光大证券,,,3,1,2024-07-10 17:54:16,2013-01-24 09:53:47,,3.0,,,
000785.XSHE,2013-01-24,光大证券,,,3,1,2024-07-10 17:57:49,2013-01-25 11:02:37,,3.0,,,
000785.XSHE,2013-01-25,光大证券,,,3,1,2024-07-10 17:55:12,2013-01-26 11:02:10,,3.0,,,
000785.XSHE,2013-01-28,光大证券,,,3,1,2024-07-10 17:55:27,2013-01-28 10:39:19,,3.0,,,
000785.XSHE,2013-01-29,光大证券,,,3,1,2024-07-10 17:53:06,2013-01-30 09:30:29,,3.0,,,
000785.XSHE,2013-01-30,光大证券,,,3,1,2024-07-10 17:55:08,2013-01-31 10:39:39,,3.0,,,
000785.XSHE,2013-01-31,光大证券,,,3,1,2024-07-10 17:53:08,2013-02-01 10:16:56,,3.0,,,
000785.XSHE,2013-02-01,光大证券,,,3,1,2024-07-10 17:58:36,2013-02-04 10:16:41,,3.0,,,
000785.XSHE,2013-02-04,光大证券,,,3,1,2024-07-10 17:56:43,2013-02-04 09:53:13,,3.0,,,
000785.XSHE,2013-02-05,光大证券,,,3,1,2024-07-10 17:57:32,2013-02-06 10:17:08,,3.0,,,
000785.XSHE,2013-02-06,光大证券,,,3,1,2024-07-10 17:56:26,2013-02-07 09:53:33,,3.0,,,
000785.XSHE,2013-02-07,光大证券,,,3,1,2024-07-10 17:57:45,2013-02-08 11:25:07,,3.0,,,
000785.XSHE,2013-02-08,光大证券,,,3,1,2024-07-10 17:54:49,2013-02-08 12:57:26,,3.0,,,
000785.XSHE,2013-02-15,光大证券,5.0000,M06,3,1,2024-07-10 04:45:47,2013-02-17 17:33:07,5.0,3.0,,,
000785.XSHE,2013-02-18,光大证券,,,3,1,2024-07-10 17:52:31,2013-02-19 10:39:46,5.0,3.0,,,
000785.XSHE,2013-02-19,光大证券,,,3,1,2024-07-10 17:56:43,2013-02-20 09:30:43,,3.0,,,
000785.XSHE,2013-02-20,光大证券,,,3,1,2024-07-10 17:58:35,2013-02-21 09:31:03,,3.0,,,
000785.XSHE,2013-02-21,光大证券,,,3,1,2024-07-10 17:54:36,2013-02-22 11:03:45,,3.0,,,
000785.XSHE,2013-02-22,光大证券,,,3,1,2024-07-10 17:53:44,2013-02-25 11:25:35,,3.0,,,
000785.XSHE,2013-02-25,光大证券,,,3,1,2024-07-10 17:58:04,2013-02-25 11:25:35,,3.0,,,
000785.XSHE,2013-02-26,光大证券,,,3,1,2024-07-10 17:54:51,2013-02-27 15:38:20,,3.0,,,
000785.XSHE,2013-02-27,光大证券,,,3,1,2024-07-10 17:52:56,2013-02-28 11:03:55,,3.0,,,
000785.XSHE,2013-02-28,光大证券,5.0000,M06,3,1,2024-07-10 04:45:31,2013-03-01 17:14:20,5.0,3.0,,,
000785.XSHE,2013-03-02,光大证券,5.0000,M06,3,1,2024-07-10 04:45:00,2013-03-04 14:29:39,5.0,3.0,,,
000785.XSHE,2013-03-04,光大证券,5.0000,M06,3,1,2024-07-10 04:45:33,2013-03-04 14:06:10,5.0,3.0,,,
000785.XSHE,2013-03-07,光大证券,5.0000,M06,3,1,2024-07-10 04:45:46,2013-03-08 11:26:24,5.0,3.0,,,
000785.XSHE,2013-03-09,光大证券,5.0000,M06,3,1,2024-07-10 04:43:53,2013-03-11 10:40:19,5.0,3.0,,,
000785.XSHE,2013-03-11,光大证券,5.0000,M06,3,1,2024-07-10 04:44:19,2013-03-11 11:25:51,5.0,3.0,,,
000785.XSHE,2013-03-18,光大证券,5.0000,M06,3,1,2024-07-10 04:45:13,2013-03-18 10:16:42,5.0,3.0,,,
000785.XSHE,2013-03-29,光大证券,6.0000,M06,3,1,2024-07-10 04:44:03,2013-03-29 21:31:10,6.0,3.0,,,
000785.XSHE,2013-04-01,光大证券,6.0000,M06,3,1,2024-07-10 04:45:38,2013-04-01 12:58:08,6.0,3.0,,,
000785.XSHE,2013-04-09,光大证券,6.0000,M06,3,1,2024-07-10 04:44:25,2013-04-10 09:53:48,6.0,3.0,,,
000785.XSHE,2013-04-15,光大证券,6.0000,M06,3,1,2024-07-10 04:45:05,2013-04-15 10:16:11,6.0,3.0,,,
000785.XSHE,2013-04-22,光大证券,6.0000,M06,3,1,2024-07-10 04:44:00,2013-04-22 10:39:58,6.0,3.0,,,
000785.XSHE,2013-04-27,光大证券,6.0000,M06,3,1,2024-07-10 04:44:59,2013-05-02 21:31:23,6.0,3.0,,,
000785.XSHE,2013-05-01,光大证券,6.0000,M06,3,1,2024-07-10 04:45:30,2013-05-02 10:16:08,6.0,3.0,,,
000785.XSHE,2013-05-02,光大证券,6.0000,M06,3,1,2024-07-10 04:45:58,2013-05-02 13:20:22,6.0,3.0,,,
000785.XSHE,2013-05-09,光大证券,6.0000,M06,3,1,2024-07-10 04:45:29,2013-05-10 11:49:12,6.0,3.0,,,
000785.XSHE,2013-05-13,光大证券,6.0000,M06,3,1,2024-07-10 04:43:37,2013-05-13 10:16:34,6.0,3.0,,,
000785.XSHE,2013-05-20,光大证券,6.0000,M06,3,1,2024-07-10 04:44:28,2013-05-20 10:16:10,6.0,3.0,,,
000785.XSHE,2013-05-27,光大证券,6.0000,M06,3,1,2024-07-10 04:44:24,2013-05-27 13:43:20,6.0,3.0,,,
000785.XSHE,2013-06-03,光大证券,6.0000,M06,3,1,2024-07-10 04:43:47,2013-06-03 11:02:26,6.0,3.0,,,
000785.XSHE,2013-06-08,光大证券,6.0000,M06,3,1,2024-07-10 04:45:49,2013-06-13 15:15:16,6.0,3.0,,,
000785.XSHE,2013-06-11,光大证券,6.0000,M06,3,1,2024-07-10 04:45:40,2013-06-13 15:15:16,6.0,3.0,,,
000785.XSHE,2013-06-24,光大证券,6.0000,M06,3,1,2024-07-10 04:43:48,2013-06-24 09:53:12,6.0,3.0,,,
000785.XSHE,2013-07-01,光大证券,6.0000,M06,3,1,2024-07-10 04:45:13,2013-07-01 11:25:14,6.0,3.0,,,
000785.XSHE,2013-07-08,光大证券,6.0000,M06,3,1,2024-07-10 04:45:12,2013-07-08 09:08:34,6.0,3.0,,,
000785.XSHE,2013-07-10,光大证券,6.0000,M06,3,1,2024-07-10 04:45:08,2013-07-10 09:53:13,6.0,3.0,,,
000785.XSHE,2013-07-15,光大证券,6.0000,M06,3,1,2024-07-10 04:45:38,2013-07-15 11:48:13,6.0,3.0,,,
000785.XSHE,2013-07-22,光大证券,,,3,1,2024-07-10 17:53:08,2013-07-22 21:30:12,,3.0,,,
000785.XSHE,2013-07-29,光大证券,6.0000,M06,3,1,2024-07-10 04:43:54,2013-07-29 09:53:16,6.0,3.0,,,
000785.XSHE,2013-08-05,光大证券,6.0000,M06,3,1,2024-07-10 04:45:49,2013-08-05 10:17:20,6.0,3.0,,,
000785.XSHE,2013-08-09,光大证券,6.0000,M06,3,1,2024-07-10 04:45:48,2013-08-09 14:30:05,6.0,3.0,,,
000785.XSHE,2013-08-10,光大证券,6.0000,M06,3,1,2024-07-10 04:44:13,2013-08-12 14:34:48,6.0,3.0,,,
000785.XSHE,2013-08-12,光大证券,,,3,1,2024-07-10 17:54:13,2013-08-12 21:30:56,,3.0,,,
000785.XSHE,2013-08-19,光大证券,6.0000,M06,3,1,2024-07-10 04:44:07,2013-08-19 10:41:26,6.0,3.0,,,
000785.XSHE,2013-08-23,光大证券,6.0000,M06,3,1,2024-07-10 04:44:07,2013-08-23 21:31:28,6.0,3.0,,,
000785.XSHE,2013-08-26,光大证券,6.0000,M06,3,1,2024-07-10 04:44:40,2013-08-27 11:25:23,6.0,3.0,,,
000785.XSHE,2013-09-01,光大证券,6.0000,M06,3,1,2024-07-10 04:45:32,2013-09-02 14:06:39,6.0,3.0,,,
000785.XSHE,2013-09-10,光大证券,6.0000,M06,3,1,2024-07-10 04:43:59,2013-09-12 09:30:50,6.0,3.0,,,
000785.XSHE,2013-12-02,中银国际证券,6.0000,M06,3,1,2024-07-10 04:44:35,2013-12-03 10:39:38,6.0,3.0,,,
000785.XSHE,2013-12-10,中银国际证券,6.0000,M06,3,1,2024-07-10 04:44:44,2013-12-10 16:02:20,6.0,3.0,,,
000785.XSHE,2013-12-16,中银国际证券,6.0000,M06,3,1,2024-07-10 04:43:59,2013-12-17 10:16:24,6.0,3.0,,,
000785.XSHE,2013-12-23,中银国际证券,6.0000,M06,3,1,2024-07-10 04:45:25,2013-12-23 17:58:07,6.0,3.0,,,
000785.XSHE,2013-12-30,中银国际证券,6.0000,M06,3,1,2024-07-10 04:45:07,2013-12-30 17:34:31,6.0,3.0,,,
000785.XSHE,2014-01-06,中银国际证券,6.0000,M06,3,1,2024-07-10 04:43:50,2014-01-06 21:30:19,6.0,3.0,,,
000785.XSHE,2014-01-13,中银国际证券,6.0000,M06,3,1,2024-07-10 04:45:11,2014-01-13 17:10:39,6.0,3.0,,,
000785.XSHE,2014-01-17,中银国际证券,5.5000,M06,3,1,2024-07-10 04:44:40,2014-01-17 21:30:16,5.5,3.0,,,
000785.XSHE,2014-01-20,中银国际证券,5.5000,M06,3,1,2024-07-10 04:44:21,2014-01-20 17:58:52,5.5,3.0,,,
000785.XSHE,2014-01-27,中银国际证券,5.5000,M06,3,1,2024-07-10 04:44:35,2014-01-27 21:31:07,5.5,3.0,,,
000785.XSHE,2014-02-10,中银国际证券,5.5000,M06,3,1,2024-07-10 04:45:25,2014-02-10 16:49:00,5.5,3.0,,,
000785.XSHE,2014-02-17,中银国际证券,5.5000,M06,3,1,2024-07-10 04:44:09,2014-02-17 21:31:03,5.5,3.0,,,
000785.XSHE,2014-02-24,中银国际证券,5.5000,M06,3,1,2024-07-10 04:45:21,2014-02-24 17:33:18,5.5,3.0,,,
000785.XSHE,2014-03-03,中银国际证券,5.5000,M06,3,1,2024-07-10 04:45:46,2014-03-04 09:30:20,5.5,3.0,,,
000785.XSHE,2014-03-10,中银国际证券,5.5000,M06,3,1,2024-07-10 04:45:42,2014-03-10 16:48:41,5.5,3.0,,,
000785.XSHE,2014-03-17,中银国际证券,5.5000,M06,3,1,2024-07-10 04:45:30,2014-03-17 17:57:47,5.5,3.0,,,
000785.XSHE,2014-03-24,中银国际证券,5.5000,M06,3,1,2024-07-10 04:45:04,2014-03-25 14:29:19,5.5,3.0,,,
000785.XSHE,2014-03-31,中银国际证券,5.5000,M06,3,1,2024-07-10 04:45:54,2014-04-01 16:50:02,5.5,3.0,,,
000785.XSHE,2014-04-15,中银国际证券,5.5000,M06,3,1,2024-07-10 04:46:02,2014-04-15 17:57:39,5.5,3.0,,,
000785.XSHE,2014-04-22,中银国际证券,5.5000,M06,3,1,2024-07-10 04:43:40,2014-04-22 14:53:03,5.5,3.0,,,
000785.XSHE,2014-04-30,中银国际证券,,,3,1,2024-07-10 17:57:57,2014-04-30 21:30:33,,3.0,,,
000785.XSHE,2014-05-12,中银国际证券,5.5000,M06,3,1,2024-07-10 04:45:32,2014-05-12 17:10:28,5.5,3.0,,,
000785.XSHE,2014-05-19,中银国际证券,,,3,1,2024-07-10 17:57:41,2014-05-19 17:57:09,,3.0,,,
000785.XSHE,2014-05-26,中银国际证券,5.5000,M06,3,1,2024-07-10 04:43:34,2014-05-26 17:10:30,5.5,3.0,,,
000785.XSHE,2014-06-03,中银国际证券,5.5000,M06,3,1,2024-07-10 04:45:02,2014-06-03 21:30:21,5.5,3.0,,,
000785.XSHE,2014-06-09,中银国际证券,5.5000,M06,3,1,2024-07-10 04:44:58,2014-06-09 21:30:35,5.5,3.0,,,
000785.XSHE,2014-06-16,中银国际证券,5.5000,M06,3,1,2024-07-10 04:45:03,2014-06-16 17:56:58,5.5,3.0,,,
000785.XSHE,2014-06-23,中银国际证券,5.5000,M06,3,1,2024-07-10 04:45:10,2014-06-23 17:57:22,5.5,3.0,,,
000785.XSHE,2014-06-30,中银国际证券,5.5000,M06,3,1,2024-07-10 04:45:30,2014-07-01 16:01:59,5.5,3.0,,,
000785.XSHE,2014-07-07,中银国际证券,5.5000,M06,3,1,2024-07-10 04:45:49,2014-07-07 21:30:33,5.5,3.0,,,
000785.XSHE,2014-07-14,中银国际证券,5.5000,M06,3,1,2024-07-10 04:45:11,2014-07-15 14:52:20,5.5,3.0,,,
000785.XSHE,2014-07-21,中银国际证券,5.5000,M06,3,1,2024-07-10 04:45:40,2014-07-21 21:30:33,5.5,3.0,,,
000785.XSHE,2014-07-28,中银国际证券,5.5000,M06,3,1,2024-07-10 04:45:25,2014-07-29 15:38:32,5.5,3.0,,,
000785.XSHE,2014-08-11,中银国际证券,5.5000,M06,3,1,2024-07-10 04:43:55,2014-08-11 21:30:43,5.5,3.0,,,
000785.XSHE,2014-08-19,中银国际证券,5.5000,M06,3,1,2024-07-10 04:43:55,2014-08-19 21:30:15,5.5,3.0,,,
000785.XSHE,2014-08-25,中银国际证券,7.0000,M06,3,1,2024-07-10 04:43:46,2014-08-26 15:15:19,7.0,3.0,,,
000785.XSHE,2014-09-02,中银国际证券,7.0000,M06,3,1,2024-07-10 04:45:55,2014-09-04 15:38:20,7.0,3.0,,,
000785.XSHE,2014-09-09,中银国际证券,7.0000,M06,3,1,2024-07-10 04:44:46,2014-09-09 17:57:45,7.0,3.0,,,
000785.XSHE,2014-09-16,中银国际证券,7.0000,M06,3,1,2024-07-10 04:44:36,2014-09-16 15:38:35,7.0,3.0,,,
000785.XSHE,2014-09-22,中银国际证券,7.0000,M06,3,1,2024-07-10 04:45:24,2014-09-22 17:33:35,7.0,3.0,,,
000785.XSHE,2014-09-23,中银国际证券,,,3,1,2024-07-10 17:56:05,2014-09-26 21:30:42,,3.0,,,
000785.XSHE,2014-09-29,中银国际证券,7.0000,M06,3,1,2024-07-10 04:45:18,2014-09-30 11:02:40,7.0,3.0,,,
000785.XSHE,2014-10-13,中银国际证券,7.0000,M06,3,1,2024-07-10 04:43:38,2014-10-14 09:53:48,7.0,3.0,,,
000785.XSHE,2014-10-20,中银国际证券,7.0000,M06,3,1,2024-07-10 04:45:34,2014-10-21 16:24:44,7.0,3.0,,,
000785.XSHE,2014-10-27,中银国际证券,7.0000,M06,3,1,2024-07-10 04:45:56,2014-10-27 21:30:24,7.0,3.0,,,
000785.XSHE,2014-11-03,中银国际证券,7.0000,M06,3,1,2024-07-10 04:43:59,2014-11-04 09:07:59,7.0,3.0,,,
000785.XSHE,2014-11-03,国投证券,,,2,1,2024-07-10 17:55:59,2014-11-03 21:30:48,,2.0,,,
000785.XSHE,2014-12-01,中银国际证券,7.0000,M06,3,1,2024-07-10 04:44:28,2014-12-02 15:38:21,7.0,3.0,,,
000785.XSHE,2014-12-08,中银国际证券,7.0000,M06,3,1,2024-07-10 04:43:48,2014-12-09 14:52:37,7.0,3.0,,,
000785.XSHE,2014-12-19,中银国际证券,7.0000,M06,3,1,2024-07-10 04:45:46,2014-12-22 17:11:42,7.0,3.0,,,
000785.XSHE,2014-12-22,中银国际证券,7.0000,M06,3,1,2024-07-10 04:44:16,2014-12-23 17:57:18,7.0,3.0,,,
000785.XSHE,2015-01-13,中银国际证券,7.0000,M06,3,1,2024-07-10 04:43:42,2015-01-14 14:54:25,7.0,3.0,,,
000785.XSHE,2015-01-20,中银国际证券,7.0000,M06,3,1,2024-07-10 04:45:27,2015-01-20 17:13:45,7.0,3.0,,,
000785.XSHE,2015-01-28,中银国际证券,7.0000,M06,3,1,2024-07-10 04:44:29,2015-01-28 14:53:54,7.0,3.0,,,
000785.XSHE,2015-02-02,中银国际证券,7.0000,M06,3,1,2024-07-10 04:44:55,2015-02-03 14:31:20,7.0,3.0,,,
000785.XSHE,2015-02-09,中银国际证券,7.0000,M06,3,1,2024-07-10 04:45:07,2015-02-10 15:15:41,7.0,3.0,,,
000785.XSHE,2015-03-03,中银国际证券,7.0000,M06,3,1,2024-07-10 04:45:37,2015-03-03 17:33:27,7.0,3.0,,,
000785.XSHE,2015-03-09,中银国际证券,7.0000,M06,3,1,2024-07-10 04:45:49,2015-03-09 21:30:55,7.0,3.0,,,
000785.XSHE,2015-03-16,中银国际证券,7.0000,M06,3,1,2024-07-10 04:43:55,2015-03-16 17:34:47,7.0,3.0,,,
000785.XSHE,2015-03-24,中银国际证券,7.0000,M06,3,1,2024-07-10 04:43:48,2015-03-25 13:43:41,7.0,3.0,,,
000785.XSHE,2015-03-30,中银国际证券,7.0000,M06,3,1,2024-07-10 04:45:16,2015-03-31 21:30:50,7.0,3.0,,,
000785.XSHE,2015-04-07,申万宏源,,,2,1,2024-07-10 17:53:30,2015-04-07 17:56:42,,2.0,,,
000785.XSHE,2015-04-13,中银国际证券,7.0000,M06,3,1,2024-07-10 04:43:56,2015-04-14 17:33:33,7.0,3.0,,,
000785.XSHE,2015-04-13,申万宏源,,,2,1,2024-07-10 17:57:07,2015-04-13 17:33:53,,2.0,,,
000785.XSHE,2015-04-20,申万宏源,,,2,1,2024-07-10 17:53:28,2015-04-20 16:25:30,,2.0,,,
000785.XSHE,2015-04-20,中银国际证券,7.0000,M06,3,1,2024-07-10 04:45:24,2015-04-20 17:34:18,7.0,3.0,,,
000785.XSHE,2015-04-27,申万宏源,,,2,1,2024-07-10 17:54:45,2015-04-27 21:30:24,,2.0,,,
000785.XSHE,2015-04-30,中银国际证券,7.0000,M06,3,1,2024-07-10 04:44:27,2015-04-30 21:31:13,7.0,3.0,,,
000785.XSHE,2015-05-03,申万宏源,,,2,1,2024-07-10 17:54:55,2015-05-04 21:30:34,,2.0,,,
000785.XSHE,2015-05-04,中银国际证券,14.0000,M06,2,1,2024-07-10 04:45:00,2015-05-04 17:33:34,14.0,2.0,,,
000785.XSHE,2015-05-05,中银国际证券,13.5000,M06,2,1,2024-07-10 04:45:14,2015-05-06 09:53:47,13.5,2.0,,,
000785.XSHE,2015-05-11,申万宏源,,,2,1,2024-07-10 17:53:44,2015-05-11 11:02:54,,2.0,,,
000785.XSHE,2015-05-13,中银国际证券,13.5000,M06,2,1,2024-07-10 04:43:50,2015-05-14 17:11:25,13.5,2.0,,,
000785.XSHE,2015-05-18,申万宏源,,,2,1,2024-07-10 17:54:17,2015-05-18 17:33:27,,2.0,,,
000785.XSHE,2015-05-18,中银国际证券,13.5000,M06,2,1,2024-07-10 04:45:30,2015-05-19 16:48:07,13.5,2.0,,,
000785.XSHE,2015-05-25,申万宏源,,,2,1,2024-07-10 17:52:28,2015-05-25 12:11:40,,2.0,,,
000785.XSHE,2015-05-26,中银国际证券,,,2,1,2024-07-10 17:56:42,2015-05-27 17:33:43,,2.0,,,
000785.XSHE,2015-06-01,申万宏源,,,2,1,2024-07-10 17:54:14,2015-06-01 16:47:37,,2.0,,,
000785.XSHE,2015-06-08,申万宏源,,,2,1,2024-07-10 17:58:31,2015-06-08 13:43:37,,2.0,,,
000785.XSHE,2015-06-09,中银国际证券,13.5000,M06,2,1,2024-07-10 04:43:39,2015-06-10 17:33:24,13.5,2.0,,,
000785.XSHE,2015-06-11,东兴证券,,,2,1,2024-07-10 17:53:14,2015-06-11 21:31:42,,2.0,,,
000785.XSHE,2015-06-15,中银国际证券,13.5000,M06,2,1,2024-07-10 04:44:27,2015-06-16 16:02:51,13.5,2.0,,,
000785.XSHE,2015-06-24,中银国际证券,,,2,1,2024-07-10 17:53:46,2015-06-24 17:34:46,,2.0,,,
000785.XSHE,2015-06-29,申万宏源,,,2,1,2024-07-10 17:55:49,2015-06-29 21:31:51,,2.0,,,
000785.XSHE,2015-06-29,中银国际证券,13.5000,M06,2,1,2024-07-10 04:44:58,2015-06-30 17:33:59,13.5,2.0,,,
000785.XSHE,2015-07-06,中银国际证券,13.5000,M06,2,1,2024-07-10 04:44:37,2015-07-06 14:52:19,13.5,2.0,,,
000785.XSHE,2015-07-19,长江证券,,,2,1,2024-07-10 17:57:07,2015-07-21 11:48:21,,2.0,,,
000785.XSHE,2015-07-20,中银国际证券,13.5000,M06,2,1,2024-07-10 04:44:40,2015-07-20 21:31:19,13.5,2.0,,,
000785.XSHE,2015-07-26,长江证券,,,2,1,2024-07-10 17:55:39,2015-07-27 17:52:27,,2.0,,,
000785.XSHE,2015-07-28,中银国际证券,,,2,1,2024-07-10 17:52:41,2015-07-28 17:53:37,,2.0,,,
000785.XSHE,2015-08-02,长江证券,,,1,1,2024-07-10 17:54:53,2015-08-03 21:31:02,,1.0,,,
000785.XSHE,2015-08-04,中银国际证券,13.5000,M06,2,1,2024-07-10 04:44:10,2015-08-04 14:52:43,13.5,2.0,,,
000785.XSHE,2015-08-08,长江证券,,,1,1,2024-07-10 17:53:25,2015-08-10 21:31:25,,1.0,,,
000785.XSHE,2015-08-09,长江证券,,,1,1,2024-07-10 17:53:10,2015-08-10 21:31:25,,1.0,,,
000785.XSHE,2015-08-11,中银国际证券,13.5000,M06,2,1,2024-07-10 04:44:29,2015-08-11 21:30:50,13.5,2.0,,,
000785.XSHE,2015-08-16,长江证券,,,1,1,2024-07-10 17:55:48,2015-08-17 21:31:54,,1.0,,,
000785.XSHE,2015-08-17,中银国际证券,13.5000,M06,2,1,2024-07-10 04:44:59,2015-08-18 21:33:10,13.5,2.0,,,
000785.XSHE,2015-08-23,长江证券,,,1,1,2024-07-10 17:55:34,2015-08-24 21:30:49,,1.0,,,
000785.XSHE,2015-08-26,中银国际证券,13.5000,M06,2,1,2024-07-10 04:45:22,2015-08-27 21:32:07,13.5,2.0,,,
000785.XSHE,2015-08-28,中银国际证券,10.2000,M06,2,1,2024-07-10 04:45:04,2015-08-31 21:30:30,10.2,2.0,,,
000785.XSHE,2015-08-30,长江证券,,,1,1,2024-07-10 17:55:48,2015-08-31 21:30:30,,1.0,,,
000785.XSHE,2015-09-01,中银国际证券,10.2000,M06,2,1,2024-07-10 04:45:02,2015-09-02 21:31:08,10.2,2.0,,,
000785.XSHE,2015-09-06,长江证券,,,1,1,2024-07-10 17:53:06,2015-09-07 10:39:30,,1.0,,,
000785.XSHE,2015-09-13,长江证券,,,1,1,2024-07-10 17:54:09,2015-09-14 21:31:15,,1.0,,,
000785.XSHE,2015-09-20,长江证券,,,1,1,2024-07-10 17:58:46,2015-09-21 21:30:47,,1.0,,,
000785.XSHE,2015-09-21,中银国际证券,10.2000,M06,2,1,2024-07-10 04:43:43,2015-09-21 21:30:47,10.2,2.0,,,
000785.XSHE,2015-09-23,中银国际证券,10.2000,M06,2,1,2024-07-10 04:44:27,2015-09-23 21:30:31,10.2,2.0,,,
000785.XSHE,2015-09-27,长江证券,,,1,1,2024-07-10 17:55:28,2015-09-28 21:30:50,,1.0,,,
000785.XSHE,2015-09-28,中银国际证券,10.2000,M06,2,1,2024-07-10 04:43:50,2015-10-19 17:52:32,10.2,2.0,,,
000785.XSHE,2015-10-07,长江证券,,,1,1,2024-07-10 17:57:08,2015-10-08 21:30:27,,1.0,,,
000785.XSHE,2015-10-11,长江证券,,,1,1,2024-07-10 17:54:29,2015-10-12 17:52:52,,1.0,,,
000785.XSHE,2015-10-19,中银国际证券,10.2000,M06,2,1,2024-07-10 04:45:01,2015-10-20 21:30:34,10.2,2.0,,,
000785.XSHE,2015-10-25,长江证券,,,1,1,2024-07-10 17:53:48,2015-10-26 21:31:01,,1.0,,,
000785.XSHE,2015-10-26,中银国际证券,10.2000,M06,2,1,2024-07-10 04:44:05,2015-10-26 21:31:01,10.2,2.0,,,
000785.XSHE,2015-10-29,中银国际证券,12.0000,M06,2,1,2024-07-10 04:45:30,2015-10-30 12:11:49,12.0,2.0,,,
000785.XSHE,2015-11-08,长江证券,,,1,1,2024-07-10 17:56:28,2015-11-09 14:52:27,,1.0,,,
000785.XSHE,2015-11-09,中银国际证券,12.0000,M06,2,1,2024-07-10 04:45:50,2015-11-10 12:11:52,12.0,2.0,,,
000785.XSHE,2015-11-15,长江证券,,,1,1,2024-07-10 17:57:48,2015-11-16 14:07:59,,1.0,,,
000785.XSHE,2015-11-16,中银国际证券,12.0000,M06,2,1,2024-07-10 04:45:19,2015-11-16 17:52:48,12.0,2.0,,,
000785.XSHE,2015-11-22,长江证券,,,1,1,2024-07-10 17:57:05,2015-11-23 16:22:17,,1.0,,,
000785.XSHE,2015-11-24,中银国际证券,12.0000,M06,2,1,2024-07-10 04:45:23,2015-11-24 16:22:59,12.0,2.0,,,
000785.XSHE,2015-11-29,长江证券,,,1,1,2024-07-10 17:56:23,2015-11-30 11:25:48,,1.0,,,
000785.XSHE,2015-11-30,中银国际证券,12.0000,M06,2,1,2024-07-10 04:43:33,2015-11-30 21:30:20,12.0,2.0,,,
000785.XSHE,2015-12-06,长江证券,,,1,1,2024-07-10 17:54:15,2015-12-07 16:20:39,,1.0,,,
000785.XSHE,2015-12-10,中银国际证券,12.0000,M06,2,1,2024-07-10 04:44:27,2015-12-10 11:48:47,12.0,2.0,,,
000785.XSHE,2015-12-14,中银国际证券,12.0000,M06,2,1,2024-07-10 04:43:48,2015-12-14 16:21:55,12.0,2.0,,,
000785.XSHE,2015-12-20,长江证券,,,1,1,2024-07-10 17:55:19,2015-12-21 16:20:50,,1.0,,,
000785.XSHE,2015-12-22,中银国际证券,12.0000,M06,2,1,2024-07-10 04:44:56,2015-12-23 11:48:44,12.0,2.0,,,
000785.XSHE,2015-12-27,长江证券,,,1,1,2024-07-10 17:56:08,2015-12-28 12:11:46,,1.0,,,
000785.XSHE,2015-12-29,中银国际证券,12.0000,M06,2,1,2024-07-10 04:44:31,2015-12-29 14:06:58,12.0,2.0,,,
000785.XSHE,2016-01-04,中银国际证券,12.0000,M06,2,1,2024-07-10 04:43:44,2016-01-04 16:21:07,12.0,2.0,,,
000785.XSHE,2016-01-10,长江证券,,,1,1,2024-07-10 17:55:04,2016-01-11 11:48:24,,1.0,,,
000785.XSHE,2016-01-14,中银国际证券,12.0000,M06,2,1,2024-07-10 04:44:16,2016-01-14 13:43:37,12.0,2.0,,,
000785.XSHE,2016-01-17,长江证券,,,1,1,2024-07-10 17:57:39,2016-01-18 21:53:28,,1.0,,,
000785.XSHE,2016-01-18,中银国际证券,12.0000,M06,2,1,2024-07-10 04:45:09,2016-01-19 11:53:56,12.0,2.0,,,
000785.XSHE,2016-01-24,长江证券,,,1,1,2024-07-10 17:57:23,2016-01-25 16:21:18,,1.0,,,
000785.XSHE,2016-01-25,中银国际证券,12.0000,M06,2,1,2024-07-10 04:44:24,2016-01-25 21:30:42,12.0,2.0,,,
000785.XSHE,2016-01-30,长江证券,,,1,1,2024-07-10 17:53:03,2016-02-01 11:49:13,,1.0,,,
000785.XSHE,2016-02-01,中银国际证券,12.0000,M06,2,1,2024-07-10 04:43:57,2016-02-01 21:31:55,12.0,2.0,,,
000785.XSHE,2016-02-14,长江证券,,,1,1,2024-07-10 17:53:06,2016-02-15 12:12:07,,1.0,,,
000785.XSHE,2016-02-16,中银国际证券,12.0000,M06,2,1,2024-07-10 04:45:48,2016-02-16 16:20:51,12.0,2.0,,,
000785.XSHE,2016-02-21,长江证券,,,1,1,2024-07-10 17:57:56,2016-02-22 14:52:20,,1.0,,,
000785.XSHE,2016-02-22,中银国际证券,12.0000,M06,2,1,2024-07-10 04:44:16,2016-02-23 11:03:56,12.0,2.0,,,
000785.XSHE,2016-02-28,长江证券,,,1,1,2024-07-10 17:54:27,2016-02-29 12:11:38,,1.0,,,
000785.XSHE,2016-03-06,长江证券,,,1,1,2024-07-10 17:55:11,2016-03-07 09:08:16,,1.0,,,
000785.XSHE,2016-03-13,长江证券,,,1,1,2024-07-10 17:52:24,2016-03-14 14:53:45,,1.0,,,
000785.XSHE,2016-03-27,长江证券,,,1,1,2024-07-10 17:53:09,2016-03-28 11:06:16,,1.0,,,
000785.XSHE,2016-04-10,长江证券,,,1,1,2024-07-10 17:52:44,2016-04-11 13:46:24,,1.0,,,
000785.XSHE,2016-05-14,长江证券,,,1,1,2024-07-10 17:53:26,2016-05-16 16:21:01,,1.0,,,
000785.XSHE,2016-05-22,长江证券,,,1,1,2024-07-10 17:58:00,2016-05-23 14:30:59,,1.0,,,
000785.XSHE,2016-05-28,长江证券,,,1,1,2024-07-10 17:56:27,2016-05-30 16:20:59,,1.0,,,
000785.XSHE,2016-06-05,光大证券,12.0000,M06,2,1,2024-07-10 04:45:31,2016-06-06 14:32:16,12.0,2.0,,,
000785.XSHE,2016-06-12,长江证券,,,1,1,2024-07-10 17:54:15,2016-06-13 16:21:12,,1.0,,,
000785.XSHE,2016-06-13,光大证券,12.0000,M06,2,1,2024-07-10 04:44:40,2016-06-13 21:30:55,12.0,2.0,,,
000785.XSHE,2016-06-13,长江证券,,,1,1,2024-07-10 17:58:48,2016-06-13 16:21:12,,1.0,,,
000785.XSHE,2016-06-18,长江证券,,,1,1,2024-07-10 17:56:00,2016-06-20 16:21:21,,1.0,,,
000785.XSHE,2016-06-19,光大证券,,,2,1,2024-07-10 17:55:54,2016-06-20 16:21:21,,2.0,,,
000785.XSHE,2016-06-26,光大证券,,,2,1,2024-07-10 17:54:16,2016-06-27 13:20:42,,2.0,,,
000785.XSHE,2016-07-02,光大证券,,,2,1,2024-07-10 17:53:22,2016-07-04 13:20:37,,2.0,,,
000785.XSHE,2016-07-03,长江证券,,,1,1,2024-07-10 17:53:28,2016-07-04 14:30:15,,1.0,,,
000785.XSHE,2016-07-09,光大证券,,,2,1,2024-07-10 17:56:39,2016-07-11 11:03:00,,2.0,,,
000785.XSHE,2016-07-15,光大证券,,,2,1,2024-07-10 17:56:38,2016-07-15 16:21:28,,2.0,,,
000785.XSHE,2016-07-17,光大证券,,,2,1,2024-07-10 17:58:36,2016-07-18 14:30:01,,2.0,,,
000785.XSHE,2016-07-17,长江证券,,,1,1,2024-07-10 17:58:39,2016-07-18 14:30:01,,1.0,,,
000785.XSHE,2016-07-24,光大证券,,,2,1,2024-07-10 17:53:22,2016-07-25 13:20:34,,2.0,,,
000785.XSHE,2016-07-30,光大证券,,,2,1,2024-07-10 17:57:20,2016-08-01 10:16:16,,2.0,,,
000785.XSHE,2016-08-07,光大证券,,,2,1,2024-07-10 17:52:27,2016-08-08 14:06:58,,2.0,,,
000785.XSHE,2016-08-07,长江证券,,,1,1,2024-07-10 17:53:16,2016-08-08 12:11:21,,1.0,,,
000785.XSHE,2016-08-12,光大证券,,,2,1,2024-07-10 17:56:48,2016-08-12 16:23:23,,2.0,,,
000785.XSHE,2016-08-14,光大证券,,,2,1,2024-07-10 17:55:40,2016-08-15 14:29:34,,2.0,,,
000785.XSHE,2016-08-14,长江证券,,,1,1,2024-07-10 17:57:20,2016-08-15 13:20:45,,1.0,,,
000785.XSHE,2016-08-20,光大证券,,,2,1,2024-07-10 17:53:10,2016-08-22 14:52:33,,2.0,,,
000785.XSHE,2016-08-28,光大证券,14.0000,M06,2,1,2024-07-10 04:45:13,2016-08-29 21:30:45,14.0,2.0,,,
000785.XSHE,2016-08-29,东北证券,,,2,1,2024-07-10 17:56:39,2016-08-29 21:30:45,,2.0,,,
000785.XSHE,2016-08-31,光大证券,,,2,1,2024-07-10 17:57:35,2016-09-01 12:57:40,,2.0,,,
000785.XSHE,2016-09-04,光大证券,,,2,1,2024-07-10 17:53:43,2016-09-05 13:20:29,,2.0,,,
000785.XSHE,2016-09-05,长江证券,,,1,1,2024-07-10 17:58:19,2016-09-06 14:52:45,,1.0,,,
000785.XSHE,2016-09-11,光大证券,,,2,1,2024-07-10 17:56:41,2016-09-12 12:11:29,,2.0,,,
000785.XSHE,2016-09-11,长江证券,,,1,1,2024-07-10 17:57:24,2016-09-12 12:11:29,,1.0,,,
000785.XSHE,2016-09-13,光大证券,,,2,1,2024-07-10 17:55:36,2016-09-13 16:23:39,,2.0,,,
000785.XSHE,2016-09-18,长江证券,,,1,1,2024-07-10 17:52:11,2016-09-19 12:11:23,,1.0,,,
000785.XSHE,2016-09-24,光大证券,,,2,1,2024-07-10 17:57:31,2016-09-26 16:21:44,,2.0,,,
000785.XSHE,2016-09-25,长江证券,,,1,1,2024-07-10 17:55:27,2016-09-26 10:16:43,,1.0,,,
000785.XSHE,2016-10-08,光大证券,,,2,1,2024-07-10 17:53:33,2016-10-10 16:24:42,,2.0,,,
000785.XSHE,2016-10-09,长江证券,,,1,1,2024-07-10 17:54:18,2016-10-10 12:12:27,,1.0,,,
000785.XSHE,2016-10-10,光大证券,14.0000,M06,3,1,2024-07-10 04:43:36,2016-10-11 14:30:02,14.0,3.0,,,
000785.XSHE,2016-10-16,长江证券,,,1,1,2024-07-10 17:55:32,2016-10-17 13:21:24,,1.0,,,
000785.XSHE,2016-10-16,光大证券,,,3,1,2024-07-10 17:58:40,2016-10-17 14:06:31,,3.0,,,
000785.XSHE,2016-10-19,光大证券,,,3,1,2024-07-10 17:57:16,2016-10-19 17:29:31,,3.0,,,
000785.XSHE,2016-10-22,光大证券,,,3,1,2024-07-10 17:55:19,2016-10-24 11:02:37,,3.0,,,
000785.XSHE,2016-10-23,长江证券,,,1,1,2024-07-10 17:55:37,2016-10-24 14:06:32,,1.0,,,
000785.XSHE,2016-10-26,光大证券,13.5000,M06,3,1,2024-07-10 04:44:05,2016-10-27 14:52:28,13.5,3.0,,,
000785.XSHE,2016-10-30,光大证券,,,3,1,2024-07-10 17:54:06,2016-10-31 14:52:34,,3.0,,,
000785.XSHE,2016-10-31,光大证券,,,3,1,2024-07-10 17:54:12,2016-11-01 17:09:11,,3.0,,,
000785.XSHE,2016-11-06,光大证券,,,3,1,2024-07-10 17:57:05,2016-11-07 16:21:09,,3.0,,,
000785.XSHE,2016-11-13,光大证券,,,3,1,2024-07-10 17:56:19,2016-11-14 12:11:24,,3.0,,,
000785.XSHE,2016-11-14,光大证券,,,3,1,2024-07-10 17:54:03,2016-11-14 16:21:34,,3.0,,,
000785.XSHE,2016-11-20,光大证券,,,3,1,2024-07-10 17:54:54,2016-11-21 11:04:43,,3.0,,,
000785.XSHE,2016-11-20,长江证券,,,1,1,2024-07-10 17:58:28,2016-11-21 14:06:26,,1.0,,,
000785.XSHE,2016-11-27,光大证券,,,3,1,2024-07-10 17:53:05,2016-11-28 11:02:52,,3.0,,,
000785.XSHE,2016-11-27,长江证券,,,1,1,2024-07-10 17:58:24,2016-11-28 12:57:28,,1.0,,,
000785.XSHE,2016-12-03,长江证券,,,1,1,2024-07-10 17:53:17,2016-12-05 12:11:30,,1.0,,,
000785.XSHE,2016-12-03,光大证券,,,3,1,2024-07-10 17:55:13,2016-12-05 12:11:30,,3.0,,,
000785.XSHE,2016-12-11,光大证券,,,3,1,2024-07-10 17:52:21,2016-12-12 12:11:37,,3.0,,,
000785.XSHE,2016-12-11,长江证券,,,1,1,2024-07-10 17:52:46,2016-12-12 12:11:37,,1.0,,,
000785.XSHE,2016-12-13,光大证券,,,3,1,2024-07-10 17:58:36,2016-12-13 17:06:33,,3.0,,,
000785.XSHE,2016-12-18,长江证券,,,1,1,2024-07-10 17:54:19,2016-12-19 11:05:48,,1.0,,,
000785.XSHE,2016-12-18,光大证券,,,3,1,2024-07-10 17:55:16,2016-12-19 14:06:50,,3.0,,,
000785.XSHE,2016-12-23,长江证券,,,1,1,2024-07-10 17:56:47,2016-12-26 09:53:25,,1.0,,,
000785.XSHE,2016-12-25,长江证券,,,1,1,2024-07-10 17:55:49,2016-12-27 12:11:34,,1.0,,,
000785.XSHE,2016-12-25,光大证券,,,3,1,2024-07-10 17:56:51,2016-12-26 14:52:38,,3.0,,,
000785.XSHE,2017-01-01,长江证券,,,1,1,2024-07-10 17:53:02,2017-01-03 14:52:18,,1.0,,,
000785.XSHE,2017-01-02,光大证券,,,3,1,2024-07-10 17:53:31,2017-01-03 21:30:38,,3.0,,,
000785.XSHE,2017-01-08,长江证券,,,1,1,2024-07-10 17:58:00,2017-01-09 09:53:55,,1.0,,,
000785.XSHE,2017-01-15,光大证券,,,3,1,2024-07-10 17:52:14,2017-01-16 12:57:37,,3.0,,,
000785.XSHE,2017-01-15,长江证券,,,1,1,2024-07-10 17:54:56,2017-01-16 16:21:48,,1.0,,,
000785.XSHE,2017-01-16,光大证券,13.5000,M06,3,1,2024-07-10 04:43:55,2017-01-17 11:03:04,13.5,3.0,,,
000785.XSHE,2017-01-20,光大证券,,,3,1,2024-07-10 17:52:21,2017-01-20 17:29:38,,3.0,,,
000785.XSHE,2017-01-22,光大证券,,,3,1,2024-07-10 17:52:47,2017-01-23 12:57:26,,3.0,,,
000785.XSHE,2017-01-22,长江证券,,,1,1,2024-07-10 17:55:26,2017-01-23 14:06:43,,1.0,,,
000785.XSHE,2017-01-25,申万宏源,,,2,1,2024-07-10 17:52:26,2017-01-25 14:06:47,,2.0,,,
000785.XSHE,2017-02-02,长江证券,,,1,1,2024-07-10 17:56:10,2017-02-03 14:06:46,,1.0,,,
000785.XSHE,2017-02-03,光大证券,,,3,1,2024-07-10 17:52:15,2017-02-03 14:06:46,,3.0,,,
000785.XSHE,2017-02-05,光大证券,,,3,1,2024-07-10 17:54:29,2017-02-06 12:11:35,,3.0,,,
000785.XSHE,2017-02-05,长江证券,,,1,1,2024-07-10 17:57:30,2017-02-06 14:52:55,,1.0,,,
000785.XSHE,2017-02-11,光大证券,,,3,1,2024-07-10 17:52:34,2017-02-13 12:11:26,,3.0,,,
000785.XSHE,2017-02-12,长江证券,,,1,1,2024-07-10 17:54:02,2017-02-13 12:11:26,,1.0,,,
000785.XSHE,2017-02-18,光大证券,,,3,1,2024-07-10 17:54:58,2017-02-20 11:02:49,,3.0,,,
000785.XSHE,2017-02-19,长江证券,,,1,1,2024-07-10 17:54:08,2017-02-20 12:11:26,,1.0,,,
000785.XSHE,2017-02-24,光大证券,,,3,1,2024-07-10 17:56:38,2017-02-27 16:21:14,,3.0,,,
000785.XSHE,2017-03-04,光大证券,,,3,1,2024-07-10 17:58:47,2017-03-06 12:11:39,,3.0,,,
000785.XSHE,2017-03-05,长江证券,,,1,1,2024-07-10 17:53:06,2017-03-06 16:20:49,,1.0,,,
000785.XSHE,2017-03-12,光大证券,,,3,1,2024-07-10 17:52:52,2017-03-13 14:30:05,,3.0,,,
000785.XSHE,2017-03-12,长江证券,,,1,1,2024-07-10 17:57:42,2017-03-13 12:11:52,,1.0,,,
000785.XSHE,2017-03-14,光大证券,,,3,1,2024-07-10 17:57:18,2017-03-17 17:06:48,,3.0,,,
000785.XSHE,2017-03-18,光大证券,13.5000,M06,3,1,2024-07-10 04:45:05,2017-03-20 12:11:57,13.5,3.0,,,
000785.XSHE,2017-03-19,长江证券,,,1,1,2024-07-10 17:56:08,2017-03-20 14:52:39,,1.0,,,
000785.XSHE,2017-03-26,光大证券,,,3,1,2024-07-10 17:53:57,2017-03-27 12:12:21,,3.0,,,
000785.XSHE,2017-04-03,光大证券,,,3,1,2024-07-10 17:53:30,2017-04-05 21:30:44,,3.0,,,
000785.XSHE,2017-04-04,长江证券,,,1,1,2024-07-10 17:55:28,2017-04-05 21:30:44,,1.0,,,
000785.XSHE,2017-04-09,长江证券,,,1,1,2024-07-10 17:55:12,2017-04-09 21:30:30,,1.0,,,
000785.XSHE,2017-04-15,光大证券,,,3,1,2024-07-10 17:53:12,2017-04-17 13:21:02,,3.0,,,
000785.XSHE,2017-04-16,长江证券,,,1,1,2024-07-10 17:52:30,2017-04-17 14:06:55,,1.0,,,
000785.XSHE,2017-04-17,光大证券,,,3,1,2024-07-10 17:56:24,2017-04-17 21:30:32,,3.0,,,
000785.XSHE,2017-04-22,光大证券,,,3,1,2024-07-10 17:54:38,2017-04-23 17:06:25,,3.0,,,
000785.XSHE,2017-04-23,长江证券,,,1,1,2024-07-10 17:52:08,2017-04-24 13:21:11,,1.0,,,
000785.XSHE,2017-04-27,光大证券,11.5000,M06,3,1,2024-07-10 04:43:55,2017-04-28 16:20:52,11.5,3.0,,,
000785.XSHE,2017-04-30,光大证券,,,3,1,2024-07-10 17:57:07,2017-05-02 16:21:03,,3.0,,,
000785.XSHE,2017-05-01,光大证券,,,3,1,2024-07-10 17:53:28,2017-05-02 21:31:01,,3.0,,,
000785.XSHE,2017-05-01,长江证券,,,1,1,2024-07-10 17:54:56,2017-05-03 13:43:31,,1.0,,,
000785.XSHE,2017-05-06,光大证券,,,3,1,2024-07-10 17:57:12,2017-05-07 17:07:29,,3.0,,,
000785.XSHE,2017-05-13,光大证券,,,3,1,2024-07-10 17:56:44,2017-05-15 14:06:33,,3.0,,,
000785.XSHE,2017-05-14,长江证券,,,1,1,2024-07-10 17:57:21,2017-05-15 21:30:44,,1.0,,,
000785.XSHE,2017-05-30,长江证券,,,1,1,2024-07-10 17:54:40,2017-05-31 17:29:09,,1.0,,,
000785.XSHE,2017-06-04,长江证券,,,1,1,2024-07-10 17:57:42,2017-06-05 21:30:35,,1.0,,,
000785.XSHE,2017-06-11,长江证券,,,1,1,2024-07-10 17:52:27,2017-06-12 21:31:11,,1.0,,,
000785.XSHE,2017-06-18,长江证券,,,1,1,2024-07-10 17:55:05,2017-06-19 21:30:33,,1.0,,,
000785.XSHE,2017-07-02,长江证券,,,1,1,2024-07-10 17:52:22,2017-07-02 21:30:12,,1.0,,,
000785.XSHE,2017-07-09,长江证券,,,1,1,2024-07-10 17:55:20,2017-07-10 21:30:10,,1.0,,,
000785.XSHE,2017-07-16,长江证券,,,1,1,2024-07-10 17:54:49,2017-07-17 21:30:11,,1.0,,,
000785.XSHE,2017-08-06,长江证券,,,1,1,2024-07-10 17:52:23,2017-08-07 11:02:08,,1.0,,,
000785.XSHE,2017-08-13,长江证券,,,1,1,2024-07-10 17:58:40,2017-08-14 12:11:04,,1.0,,,
000785.XSHE,2017-08-20,长江证券,,,1,1,2024-07-10 17:54:15,2017-08-21 16:45:35,,1.0,,,
000785.XSHE,2017-08-27,光大证券,,,3,1,2024-07-10 17:56:25,2017-08-28 21:30:11,,3.0,,,
000785.XSHE,2017-09-03,长江证券,,,1,1,2024-07-10 17:55:48,2017-09-04 14:06:06,,1.0,,,
000785.XSHE,2017-09-24,长江证券,,,1,1,2024-07-10 17:54:21,2017-09-25 11:02:11,,1.0,,,
000785.XSHE,2017-10-08,长江证券,,,1,1,2024-07-10 17:52:52,2017-10-09 16:45:45,,1.0,,,
000785.XSHE,2017-10-12,光大证券,,,3,1,2024-07-10 17:57:16,2017-10-13 11:02:07,,3.0,,,
000785.XSHE,2017-10-15,长江证券,,,1,1,2024-07-10 17:56:23,2017-10-16 21:30:25,,1.0,,,
000785.XSHE,2017-10-22,长江证券,,,1,1,2024-07-10 17:53:11,2017-10-23 11:02:13,,1.0,,,
000785.XSHE,2017-10-26,光大证券,,,3,1,2024-07-10 17:56:43,2017-10-27 17:54:47,,3.0,,,
000785.XSHE,2017-11-06,长江证券,,,1,1,2024-07-10 17:58:30,2017-11-06 16:45:34,,1.0,,,
000785.XSHE,2017-11-12,长江证券,,,1,1,2024-07-10 17:55:33,2017-11-13 16:45:32,,1.0,,,
000785.XSHE,2018-01-12,光大证券,,,3,1,2024-07-10 17:53:03,2018-01-12 13:20:33,,3.0,,,
000785.XSHE,2018-04-01,光大证券,,,3,1,2024-07-10 17:52:35,2018-04-02 14:06:10,,3.0,,,
000785.XSHE,2018-04-09,光大证券,,,3,1,2024-07-10 17:52:43,2018-04-10 16:45:22,,3.0,,,
000785.XSHE,2018-04-27,光大证券,,,3,1,2024-07-10 17:54:42,2018-04-27 21:30:37,,3.0,,,
000785.XSHE,2018-06-19,申万宏源,,,3,1,2024-07-10 17:56:27,2018-06-20 16:55:52,,3.0,,,
000785.XSHE,2018-06-20,申万宏源,,,3,1,2024-07-10 17:56:15,2018-06-21 11:02:09,,3.0,,,
000785.XSHE,2018-06-25,申万宏源,,,3,1,2024-07-10 17:58:30,2018-06-25 21:30:33,,3.0,,,
000785.XSHE,2018-07-02,申万宏源,,,3,1,2024-07-10 17:58:44,2018-07-03 16:55:39,,3.0,,,
000785.XSHE,2018-07-06,申万宏源,,,3,1,2024-07-10 17:55:15,2018-07-09 16:55:46,,3.0,,,
000785.XSHE,2018-07-09,申万宏源,,,3,1,2024-07-10 17:52:19,2018-07-09 21:30:29,,3.0,,,
000785.XSHE,2018-07-16,申万宏源,,,3,1,2024-07-10 17:55:39,2018-07-16 17:41:20,,3.0,,,
000785.XSHE,2018-07-23,申万宏源,,,3,1,2024-07-10 17:56:08,2018-07-24 17:41:07,,3.0,,,
000785.XSHE,2018-07-31,申万宏源,,,3,1,2024-07-10 17:56:48,2018-07-31 16:55:39,,3.0,,,
000785.XSHE,2018-08-06,申万宏源,,,3,1,2024-07-10 17:52:53,2018-08-07 09:53:15,,3.0,,,
000785.XSHE,2018-08-20,申万宏源,,,3,1,2024-07-10 17:56:34,2018-08-20 17:41:14,,3.0,,,
000785.XSHE,2018-08-27,申万宏源,,,3,1,2024-07-10 17:53:36,2018-08-27 21:30:23,,3.0,,,
000785.XSHE,2018-08-29,光大证券,,,3,1,2024-07-10 17:58:49,2018-08-30 11:03:09,,3.0,,,
000785.XSHE,2018-09-03,申万宏源,,,3,1,2024-07-10 17:57:39,2018-09-04 12:11:07,,3.0,,,
000785.XSHE,2018-09-10,申万宏源,,,3,1,2024-07-10 17:52:45,2018-09-10 21:30:30,,3.0,,,
000785.XSHE,2018-09-17,申万宏源,,,3,1,2024-07-10 17:54:31,2018-09-18 16:55:16,,3.0,,,
000785.XSHE,2018-09-19,申万宏源,,,3,1,2024-07-10 17:52:20,2018-09-19 16:55:23,,3.0,,,
000785.XSHE,2018-09-25,申万宏源,,,3,1,2024-07-10 17:53:41,2018-09-25 16:55:41,,3.0,,,
000785.XSHE,2018-10-09,申万宏源,,,3,1,2024-07-10 17:52:11,2018-10-09 12:11:10,,3.0,,,
000785.XSHE,2018-10-28,光大证券,,,3,1,2024-07-10 17:55:02,2018-10-29 11:02:08,,3.0,,,
000785.XSHE,2019-01-24,光大证券,,,3,1,2024-07-10 17:53:31,2019-01-25 11:48:03,,3.0,,,
000785.XSHE,2019-04-27,光大证券,,,3,1,2024-07-10 17:53:13,2019-04-28 12:57:07,,3.0,,,
000785.XSHE,2019-08-28,光大证券,,,2,1,2024-07-10 17:57:45,2019-08-29 15:13:02,,2.0,,,
000785.XSHE,2019-09-25,国泰海通证券,11.0000,M06,2,1,2024-07-10 04:44:13,2019-09-26 12:13:03,11.0,2.0,,,
000785.XSHE,2019-11-01,光大证券,,,2,1,2024-07-10 17:54:17,2019-11-03 13:13:04,,2.0,,,
000785.XSHE,2020-05-22,华泰证券,9.1200,M06,1,1,2024-07-10 04:45:18,2020-05-24 11:45:32,9.12,1.0,,,
000785.XSHE,2020-06-15,华泰证券,9.1200,,1,1,2024-07-10 04:43:50,2020-06-15 15:13:46,,1.0,,,
000785.XSHE,2020-08-05,招商证券,,,1,1,2024-07-10 17:57:58,2020-08-06 13:55:13,,1.0,,,
000785.XSHE,2020-08-17,华西证券,,,1,1,2024-07-10 17:55:37,2020-08-18 11:17:07,,1.0,,,
000785.XSHE,2020-09-10,海通证券,11.9850,M06,2,1,2024-07-10 04:45:48,2020-09-10 16:31:58,11.985,2.0,,,
000785.XSHE,2020-09-15,太平洋证券,,,1,1,2024-07-10 17:57:35,2020-09-17 11:51:25,,1.0,,,
000785.XSHE,2020-11-08,华泰证券,9.1200,,1,1,2024-07-10 04:45:14,2020-11-09 11:39:38,,1.0,,,
000785.XSHE,2021-02-08,华西证券,,,1,1,2024-07-10 17:53:36,2021-02-09 13:31:28,,1.0,,,
000785.XSHE,2021-05-31,德邦证券,,,1,1,2024-07-10 17:56:12,2021-06-01 12:06:03,,1.0,,,
000785.XSHE,2021-06-17,中信建投,,,1,1,2024-07-10 17:54:46,2021-06-17 17:21:34,,1.0,,,
000785.XSHE,2021-07-15,中信建投,,,1,1,2024-07-10 17:56:42,2021-07-15 15:42:27,,1.0,,,
000785.XSHE,2021-08-28,海通证券,8.0150,M06,2,1,2024-07-10 04:43:51,2021-08-29 14:20:17,8.015,2.0,,,
000785.XSHE,2021-08-29,太平洋证券,7.5000,M06,1,1,2024-07-10 04:45:48,2021-08-31 16:37:27,7.5,1.0,,,
000785.XSHE,2021-09-27,海通证券,8.0150,M06,2,1,2024-07-10 04:45:10,2021-09-28 09:51:25,8.015,2.0,,,
000785.XSHE,2021-10-15,中信建投,,,1,1,2024-07-10 17:57:18,2021-10-15 14:00:20,,1.0,,,
000785.XSHE,2021-10-15,首创证券,,,1,1,2024-07-10 17:58:06,2021-10-19 09:44:27,,1.0,,,
000785.XSHE,2021-10-19,兴业证券,,,2,1,2024-07-10 17:55:01,2021-10-19 14:52:11,,2.0,,,
000785.XSHE,2021-10-31,海通证券,8.0150,M06,2,1,2024-07-10 04:44:38,2021-11-07 12:41:06,8.015,2.0,,,
000785.XSHE,2021-10-31,首创证券,,,1,1,2024-07-10 17:56:41,2021-11-03 15:42:43,,1.0,,,
000785.XSHE,2021-10-31,华泰证券,6.1900,M06,1,1,2024-07-10 04:45:38,2021-11-14 14:08:12,6.19,1.0,,,
000785.XSHE,2021-11-02,华西证券,,,1,1,2024-07-10 17:54:46,2021-11-02 15:27:15,,1.0,,,
000785.XSHE,2021-12-05,华泰证券,6.1900,,1,1,2024-07-10 04:44:51,2021-12-06 14:43:24,,1.0,,,
000785.XSHE,2021-12-12,华泰证券,6.1900,,1,1,2024-07-10 04:44:54,2021-12-13 15:18:23,,1.0,,,
000785.XSHE,2021-12-26,华泰证券,6.1900,,1,1,2024-07-10 04:43:36,2021-12-27 14:53:48,,1.0,,,
000785.XSHE,2021-12-27,兴业证券,,,2,1,2024-07-10 17:55:37,2021-12-28 09:27:25,,2.0,,,
000785.XSHE,2022-01-03,华泰证券,6.1900,,1,1,2024-07-10 04:43:35,2022-01-04 16:23:59,,1.0,,,
000785.XSHE,2022-01-26,海通证券,6.4900,M06,2,1,2024-07-10 04:44:47,2022-01-27 10:50:07,6.49,2.0,,,
000785.XSHE,2022-01-26,首创证券,,,1,1,2024-07-10 17:58:50,2022-01-27 14:34:05,,1.0,,,
000785.XSHE,2022-01-27,国投证券,7.0900,M06,1,1,2024-07-10 04:43:45,2022-01-27 12:12:24,7.09,1.0,,,
000785.XSHE,2022-01-27,兴业证券,,,2,1,2024-07-10 17:53:07,2022-01-27 15:05:21,,2.0,,,
000785.XSHE,2022-02-13,华泰证券,6.1900,,1,1,2024-07-10 04:45:29,2022-02-14 11:19:34,,1.0,,,
000785.XSHE,2022-02-20,华泰证券,6.1900,,1,1,2024-07-10 04:44:45,2022-02-20 17:16:11,,1.0,,,
000785.XSHE,2022-03-13,华泰证券,6.1900,,1,1,2024-07-10 04:43:36,2022-03-14 12:14:26,,1.0,,,
000785.XSHE,2022-03-21,华泰证券,6.1900,,1,1,2024-07-10 04:44:00,2022-03-21 19:52:43,,1.0,,,
000785.XSHE,2022-03-28,华泰证券,6.1900,,1,1,2024-07-10 04:45:05,2022-03-28 17:36:27,,1.0,,,
000785.XSHE,2022-04-05,华泰证券,6.1900,,1,1,2024-07-10 04:45:27,2022-04-07 09:11:09,,1.0,,,
000785.XSHE,2022-04-10,华泰证券,6.1900,,1,1,2024-07-10 04:43:38,2022-04-11 10:51:45,,1.0,,,
000785.XSHE,2022-04-22,华西证券,,,1,1,2024-07-10 17:58:01,2022-04-24 09:58:14,,1.0,,,
000785.XSHE,2022-04-22,首创证券,,,1,1,2024-07-10 17:58:15,2022-04-24 13:36:22,,1.0,,,
000785.XSHE,2022-04-23,招商证券,,,1,1,2024-07-10 17:56:54,2022-04-24 16:08:57,,1.0,,,
000785.XSHE,2022-04-23,华泰证券,6.7100,M06,1,1,2024-07-10 04:45:28,2022-04-24 12:47:50,6.71,1.0,,,
000785.XSHE,2022-04-24,国投证券,7.0900,M06,1,1,2024-07-10 04:44:16,2022-04-25 09:43:43,7.09,1.0,,,
000785.XSHE,2022-04-25,华泰证券,6.7100,,1,1,2024-07-10 04:44:03,2022-04-26 12:58:39,,1.0,,,
000785.XSHE,2022-04-25,德邦证券,,,1,1,2024-07-10 17:56:38,2022-04-26 13:20:12,,1.0,,,
000785.XSHE,2022-04-26,海通证券,5.9500,M06,2,1,2024-07-10 04:45:41,2022-04-26 18:31:07,5.95,2.0,,,
000785.XSHE,2022-04-28,华泰金融控股,6.7100,M06,1,1,2024-07-10 04:43:37,2022-04-29 16:55:24,6.71,1.0,,,
000785.XSHE,2022-04-29,海通证券,5.9500,M06,2,1,2024-07-10 04:45:15,2022-04-29 18:59:24,5.95,2.0,,,
000785.XSHE,2022-04-29,华西证券,,,1,1,2024-07-10 17:57:28,2022-05-04 14:01:49,,1.0,,,
000785.XSHE,2022-04-29,海通国际,6.4000,M06,2,1,2024-07-10 04:45:54,2022-05-08 16:46:06,6.4,2.0,,,
000785.XSHE,2022-05-04,华泰证券,6.3200,M06,1,1,2024-07-10 04:43:45,2022-05-05 17:12:21,6.32,1.0,,,
000785.XSHE,2022-05-05,首创证券,,,1,1,2024-07-10 17:55:32,2022-05-08 17:29:52,,1.0,,,
000785.XSHE,2022-05-10,华泰金融控股,6.3200,M06,1,1,2024-07-10 04:45:15,2022-06-02 14:35:44,6.32,1.0,,,
000785.XSHE,2022-05-30,海通国际,,,2,1,2024-07-10 17:57:04,2022-05-31 16:49:36,,2.0,,,
000785.XSHE,2022-06-06,海通证券,,,2,1,2024-07-10 17:52:25,2022-06-07 11:21:08,,2.0,,,
000785.XSHE,2022-06-13,海通国际,,,2,1,2024-07-10 17:57:32,2022-06-14 11:55:45,,2.0,,,
000785.XSHE,2022-07-20,海通国际,,,2,1,2024-07-10 17:52:55,2022-07-21 11:18:33,,2.0,,,
000785.XSHE,2022-07-26,海通国际,,,2,1,2024-07-10 17:56:46,2022-07-27 14:51:41,,2.0,,,
000785.XSHE,2022-07-29,光大证券,5.0500,M06,1,1,2024-07-10 04:44:09,2022-08-01 09:38:52,5.05,1.0,,,
000785.XSHE,2022-08-22,海通证券,,,2,1,2024-07-10 17:55:08,2022-08-23 14:37:03,,2.0,,,
000785.XSHE,2022-08-31,首创证券,,,1,1,2024-07-10 17:53:16,2022-09-02 11:57:39,,1.0,,,
000785.XSHE,2022-08-31,银河证券,,,1,1,2024-07-10 17:56:14,2022-09-01 12:56:12,,1.0,,,
000785.XSHE,2022-08-31,招商证券,,,1,1,2024-07-10 17:58:07,2022-09-01 10:04:06,,1.0,,,
000785.XSHE,2022-08-31,光大证券,,,1,1,2024-07-10 17:58:50,2022-09-05 10:22:49,,1.0,,,
000785.XSHE,2022-09-01,华泰证券,6.8000,M06,1,1,2024-07-10 04:45:13,2022-09-01 19:32:16,6.8,1.0,,,
000785.XSHE,2022-09-01,国投证券,5.6100,M06,1,1,2024-07-10 04:45:28,2022-09-01 18:40:33,5.61,1.0,,,
000785.XSHE,2022-09-02,兴业证券,,,2,1,2024-07-10 17:58:08,2022-09-02 15:24:23,,2.0,,,
000785.XSHE,2022-09-03,海通证券,5.9500,M06,2,1,2024-07-10 04:44:21,2022-09-05 15:19:07,5.95,2.0,,,
000785.XSHE,2022-09-05,德邦证券,,,1,1,2024-07-10 17:54:40,2022-09-06 11:43:52,,1.0,,,
000785.XSHE,2022-09-27,海通国际,,,2,1,2024-07-10 17:53:23,2022-09-28 12:47:53,,2.0,,,
000785.XSHE,2022-10-25,海通国际,,,2,1,2024-07-10 17:56:39,2022-10-26 12:03:14,,2.0,,,
000785.XSHE,2022-10-28,银河证券,,,1,1,2024-07-10 17:56:02,2022-11-01 11:31:47,,1.0,,,
000785.XSHE,2022-10-29,招商证券,,,1,1,2024-07-10 17:52:54,2022-10-31 14:19:46,,1.0,,,
000785.XSHE,2022-10-29,光大证券,,,1,1,2024-07-10 17:56:47,2022-10-30 16:02:11,,1.0,,,
000785.XSHE,2022-10-30,华泰证券,4.3900,M06,1,1,2024-07-10 04:44:37,2022-11-02 12:04:36,4.39,1.0,,,
000785.XSHE,2022-10-31,国投证券,5.0500,M06,1,1,2024-07-10 04:45:25,2022-11-03 13:07:12,5.05,1.0,,,
000785.XSHE,2022-11-08,海通证券,4.4900,M06,2,1,2024-07-10 04:44:24,2022-11-08 15:56:39,4.49,2.0,,,
000785.XSHE,2022-12-06,海通国际,,,2,1,2024-07-10 17:56:10,2022-12-07 13:43:23,,2.0,,,
000785.XSHE,2023-01-19,海通国际,,,2,1,2024-07-10 17:57:37,2023-01-19 16:05:58,,2.0,,,
000785.XSHE,2023-01-30,中信建投,,,2,1,2024-07-10 17:58:03,2023-01-31 14:39:24,,2.0,,,
000785.XSHE,2023-03-03,华创证券,6.0000,M06,2,1,2024-07-10 04:45:54,2023-03-05 13:43:07,6.0,2.0,,,
000785.XSHE,2023-04-11,申万宏源,,,1,1,2024-07-10 17:53:56,2023-04-12 14:04:19,,1.0,,,
000785.XSHE,2023-04-28,银河证券,,,1,1,2024-07-10 17:53:30,2023-04-29 14:14:43,,1.0,,,
000785.XSHE,2023-04-28,国投证券,6.0000,M06,1,1,2024-07-10 04:44:19,2023-05-08 11:56:18,6.0,1.0,,,
000785.XSHE,2023-04-28,德邦证券,,,1,1,2024-07-10 17:54:52,2023-05-07 19:34:49,,1.0,,,
000785.XSHE,2023-04-28,光大证券,,,1,1,2024-07-10 17:56:37,2023-04-28 13:30:46,,1.0,,,
000785.XSHE,2023-04-28,申万宏源,,,1,1,2024-07-10 17:57:00,2023-05-08 12:25:50,,1.0,,,
000785.XSHE,2023-04-28,招商证券,,,1,1,2024-07-10 17:57:16,2023-05-07 19:44:13,,1.0,,,
000785.XSHE,2023-04-29,中信建投,,,2,1,2024-07-10 17:57:11,2023-05-05 10:13:25,,2.0,,,
000785.XSHE,2023-04-29,首创证券,,,1,1,2024-07-10 17:57:40,2023-06-02 14:53:49,,1.0,,,
000785.XSHE,2023-04-30,华泰证券,4.9300,M06,1,1,2024-07-10 04:44:16,2023-05-01 14:42:26,4.93,1.0,,,
000785.XSHE,2023-05-06,兴业证券,,,2,1,2024-07-10 17:55:24,2023-05-06 17:49:39,,2.0,,,
000785.XSHE,2023-05-07,海通国际,4.9100,M06,2,1,2024-07-10 04:45:50,2023-05-08 15:57:08,4.91,2.0,,,
000785.XSHE,2023-06-03,海通国际,,,2,1,2024-07-10 17:55:07,2023-06-04 14:29:36,,2.0,,,
000785.XSHE,2023-06-29,华泰证券,4.9300,M06,1,1,2024-07-10 04:44:24,2023-06-30 14:52:44,4.93,1.0,,,
000785.XSHE,2023-07-11,天风证券,4.9400,M06,1,1,2024-07-10 04:43:58,2023-07-11 15:33:16,4.94,1.0,,,
000785.XSHE,2023-07-19,中信证券,,,1,1,2024-07-10 17:54:17,2023-07-21 11:31:25,,1.0,,,
000785.XSHE,2023-07-19,华泰证券,5.6100,M06,1,1,2024-07-10 04:44:39,2023-07-19 14:57:28,5.61,1.0,,,
000785.XSHE,2023-08-14,华泰金融控股,5.6100,M06,1,1,2024-07-10 04:44:53,2023-08-21 11:56:18,5.61,1.0,,,
000785.XSHE,2023-08-21,中金公司,5.7000,M06,2,1,2024-07-10 04:45:30,2023-08-21 16:01:05,5.7,2.0,,,
000785.XSHE,2023-08-30,光大证券,,,1,1,2024-07-10 17:55:01,2023-08-31 13:38:10,,1.0,,,
000785.XSHE,2023-08-30,华泰证券,5.6100,M06,1,1,2024-07-10 04:44:37,2023-09-01 11:03:27,5.61,1.0,,,
000785.XSHE,2023-08-30,中信建投,,,2,1,2024-07-10 17:55:30,2023-08-31 09:18:01,,2.0,,,
000785.XSHE,2023-08-31,国投证券,6.0000,M06,1,1,2024-07-10 04:43:57,2023-09-01 12:34:00,6.0,1.0,,,
000785.XSHE,2023-08-31,招商证券,,,1,1,2024-07-10 17:55:20,2023-09-01 12:29:51,,1.0,,,
000785.XSHE,2023-08-31,银河证券,,,1,1,2024-07-10 17:56:27,2023-09-01 07:37:47,,1.0,,,
000785.XSHE,2023-08-31,中金公司,5.7000,M06,2,1,2024-07-10 04:45:12,2023-08-31 08:30:28,5.7,2.0,,,
000785.XSHE,2023-09-01,申万宏源,,,1,1,2024-07-10 17:57:20,2023-09-02 18:55:46,,1.0,,,
000785.XSHE,2023-09-01,德邦证券,,,1,1,2024-07-10 17:57:21,2023-09-03 16:25:00,,1.0,,,
000785.XSHE,2023-09-07,兴业证券,,,2,1,2024-07-10 17:52:21,2023-09-07 21:24:12,,2.0,,,
000785.XSHE,2023-09-18,中信证券,4.9000,M06,1,1,2024-07-10 04:45:13,2023-09-18 16:59:15,4.9,1.0,,,
000785.XSHE,2023-09-22,首创证券,,,1,1,2024-07-10 17:57:56,2023-09-23 18:07:10,,1.0,,,
000785.XSHE,2023-09-23,海通证券,4.8900,M06,2,1,2024-07-10 04:44:06,2023-09-23 17:37:01,4.89,2.0,,,
000785.XSHE,2023-09-24,海通国际,5.1800,M06,2,1,2024-07-10 04:45:02,2023-10-20 09:41:32,5.18,2.0,,,
000785.XSHE,2023-09-26,中信证券,,,1,1,2024-07-10 17:53:56,2023-09-27 14:10:42,,1.0,,,
000785.XSHE,2023-10-01,华泰金融控股,5.6100,M06,1,1,2024-07-10 04:44:57,2023-10-09 14:20:35,5.61,1.0,,,
000785.XSHE,2023-10-08,招商证券,,,1,1,2024-07-10 17:56:24,2023-10-09 15:11:46,,1.0,,,
000785.XSHE,2023-10-16,招商证券,,,1,1,2024-07-10 17:53:37,2023-10-17 11:55:29,,1.0,,,
000785.XSHE,2023-10-22,招商证券,,,1,1,2024-07-10 17:57:28,2023-10-23 11:31:38,,1.0,,,
000785.XSHE,2023-10-31,招商证券,,,2,1,2024-07-10 17:53:51,2023-11-01 15:11:00,,2.0,,,
000785.XSHE,2023-10-31,华泰证券,4.4200,M06,1,1,2024-07-10 04:45:01,2023-11-01 11:09:26,4.42,1.0,,,
000785.XSHE,2023-11-02,中金公司,5.2600,M06,2,1,2024-07-10 04:43:53,2023-11-02 07:56:43,5.26,2.0,,,
000785.XSHE,2023-11-05,招商证券,,,1,1,2024-07-10 17:52:25,2023-11-07 14:00:54,,1.0,,,
000785.XSHE,2023-11-05,国投证券,5.3000,M06,1,1,2024-07-10 04:44:09,2023-11-06 09:42:55,5.3,1.0,,,
000785.XSHE,2023-11-09,中信证券,4.6000,M06,1,1,2024-07-10 04:44:26,2023-11-09 16:36:34,4.6,1.0,,,
000785.XSHE,2023-11-10,申万宏源,,,1,1,2024-07-10 17:56:34,2023-11-11 21:28:03,,1.0,,,
000785.XSHE,2023-11-11,兴业证券,,,2,1,2024-07-10 17:57:17,2023-11-11 20:36:45,,2.0,,,
000785.XSHE,2023-11-12,招商证券,,,1,1,2024-07-10 17:58:31,2023-11-13 13:38:08,,1.0,,,
000785.XSHE,2023-11-14,银河证券,,,1,1,2024-07-10 17:53:57,2023-11-15 11:44:57,,1.0,,,
000785.XSHE,2023-11-14,首创证券,,,1,1,2024-07-10 17:58:07,2023-11-15 10:13:23,,1.0,,,
000785.XSHE,2023-11-17,华泰证券,4.9400,M06,1,1,2024-07-10 04:44:59,2023-11-19 14:00:39,4.94,1.0,,,
000785.XSHE,2023-11-18,申万宏源,,,1,1,2024-07-10 17:53:15,2023-11-19 09:31:56,,1.0,,,
000785.XSHE,2023-11-19,国投证券,5.3000,M06,1,1,2024-07-10 04:43:42,2023-11-20 22:54:53,5.3,1.0,,,
000785.XSHE,2023-11-19,招商证券,,,1,1,2024-07-10 17:52:40,2023-11-20 17:30:29,,1.0,,,
000785.XSHE,2023-11-20,中信证券,4.6000,M06,1,1,2024-07-10 04:45:35,2023-11-20 13:44:05,4.6,1.0,,,
000785.XSHE,2023-11-20,中金公司,5.2600,M06,2,1,2024-07-10 04:45:41,2023-11-21 10:09:36,5.26,2.0,,,
000785.XSHE,2023-11-28,招商证券,,,1,1,2024-07-10 17:52:25,2023-11-28 14:27:52,,1.0,,,
000785.XSHE,2023-11-28,海通证券,4.1000,M06,2,1,2024-07-10 04:45:18,2023-11-28 10:18:46,4.1,2.0,,,
000785.XSHE,2023-11-29,中信证券,,,1,1,2024-07-10 17:57:45,2023-11-29 15:56:19,,1.0,,,
000785.XSHE,2023-12-03,招商证券,,,1,1,2024-07-10 17:54:12,2023-12-05 15:10:22,,1.0,,,
000785.XSHE,2023-12-10,招商证券,,,2,1,2024-07-10 17:56:37,2023-12-11 15:48:38,,2.0,,,
000785.XSHE,2023-12-11,华泰金融控股,4.4200,M06,1,1,2024-07-10 04:43:52,2023-12-11 16:15:01,4.42,1.0,,,
000785.XSHE,2023-12-12,华泰金融控股,4.9400,M06,1,1,2024-07-10 04:46:02,2023-12-12 15:24:06,4.94,1.0,,,
000785.XSHE,2023-12-18,招商证券,,,2,1,2024-07-10 17:54:44,2023-12-20 15:24:50,,2.0,,,
000785.XSHE,2023-12-24,招商证券,,,2,1,2024-07-10 17:53:32,2023-12-25 15:43:58,,2.0,,,
000785.XSHE,2024-01-08,招商证券,,,1,1,2024-07-10 17:55:01,2024-01-08 17:26:55,,1.0,,,
000785.XSHE,2024-01-21,招商证券,,,2,1,2024-07-10 17:54:17,2024-01-22 16:45:58,,2.0,,,
000785.XSHE,2024-01-26,首创证券,,,1,1,2024-07-10 17:57:44,2024-01-28 11:48:29,,1.0,,,
000785.XSHE,2024-03-11,招商证券,,,1,1,2024-07-10 17:58:07,2024-03-12 10:46:37,,1.0,,,
000785.XSHE,2024-03-17,招商证券,,,2,1,2024-07-10 17:52:42,2024-03-18 15:06:44,,2.0,,,
000785.XSHE,2024-04-26,光大证券,,,2,1,2024-07-10 17:55:06,2024-04-27 02:14:35,,2.0,,,
000785.XSHE,2024-04-27,银河证券,,,1,1,2024-07-10 17:54:57,2024-04-28 00:08:01,,1.0,,,
000785.XSHE,2024-04-27,华泰证券,3.7400,M06,1,1,2024-07-10 04:45:09,2024-04-28 08:08:51,3.74,1.0,,,
000785.XSHE,2024-04-29,中金公司,4.2000,M06,2,1,2024-07-10 04:44:22,2024-04-29 16:58:44,4.2,2.0,,,
000785.XSHE,2024-05-06,华创证券,4.1000,M06,2,1,2024-07-10 04:44:38,2024-05-07 01:07:34,4.1,2.0,,,
000785.XSHE,2024-05-08,国投证券,4.3100,M06,1,1,2024-07-10 04:45:48,2024-05-09 03:43:10,4.31,1.0,,,
000785.XSHE,2024-05-12,海通证券,3.8150,M06,2,1,2024-07-10 04:44:04,2024-05-13 16:51:56,3.815,2.0,,,
000785.XSHE,2024-05-15,申万宏源,,,1,1,2024-07-10 17:52:32,2024-05-16 11:50:44,,1.0,,,
000785.XSHE,2024-05-16,天风证券,,,1,1,2024-07-10 17:53:36,2024-05-16 14:52:50,,1.0,,,
000785.XSHE,2024-05-20,华泰金融控股,3.7400,M06,1,1,2024-07-10 04:43:43,2024-05-21 13:45:26,3.74,1.0,,,
000785.XSHE,2024-06-07,天风证券,4.2500,M06,1,1,2024-07-10 04:44:17,2024-06-07 17:00:47,4.25,1.0,,,
000785.XSHE,2024-06-30,天风证券,,,1,1,2024-07-10 17:55:18,2024-07-01 09:19:07,,1.0,,,
000785.XSHE,2024-07-28,海通证券,3.0950,M06,2,1,2024-07-29 12:51:59,2024-07-28 18:10:14,3.095,2.0,,,
000785.XSHE,2024-07-30,华创证券,3.6000,M06,2,1,2024-07-30 17:38:23,2024-07-30 14:14:52,3.6,2.0,,,
000785.XSHE,2024-08-30,银河证券,,,1,1,2024-09-01 13:29:02,2024-09-01 10:56:07,,1.0,,,
000785.XSHE,2024-08-30,光大证券,,,2,1,2024-08-30 18:08:26,2024-08-30 15:05:47,,2.0,,,
000785.XSHE,2024-08-31,华泰证券,3.2000,M06,1,1,2024-09-01 11:28:51,2024-08-31 22:54:32,3.2,1.0,,,
000785.XSHE,2024-09-02,天风证券,,,1,1,2024-09-02 13:43:47,2024-09-02 08:49:21,,1.0,,,
000785.XSHE,2024-09-02,国投证券,4.3100,M06,1,1,2024-09-03 14:23:36,2024-09-02 18:46:15,4.31,1.0,,,
000785.XSHE,2024-09-03,中金公司,3.3000,M06,2,1,2024-09-03 15:43:57,2024-09-03 13:05:39,3.3,2.0,,,
000785.XSHE,2024-09-05,中信证券,,,2,1,2024-09-05 21:45:15,2024-09-05 17:17:49,,2.0,,,
000785.XSHE,2024-09-06,海通证券,3.0950,M06,2,1,2024-09-08 11:47:00,2024-09-07 15:57:58,3.095,2.0,,,
000785.XSHE,2024-09-08,华泰金融控股,3.2000,M06,1,1,2024-09-09 17:48:15,2024-09-09 14:37:24,3.2,1.0,,,
000785.XSHE,2024-09-11,申万宏源,,,1,1,2024-09-12 11:19:15,2024-09-12 09:25:46,,1.0,,,
000785.XSHE,2024-09-18,华创证券,3.1300,M06,2,1,2024-09-19 11:50:03,2024-09-18 19:05:21,3.13,2.0,,,
000785.XSHE,2024-10-30,银河证券,,,1,1,2024-11-01 21:47:25,2024-11-01 16:31:43,,1.0,,,
000785.XSHE,2024-11-03,华泰证券,3.8000,M06,1,1,2024-11-04 13:48:34,2024-11-04 11:30:00,3.8,1.0,,,
000785.XSHE,2024-11-04,天风证券,,,1,1,2024-11-04 21:09:21,2024-11-04 15:35:51,,1.0,,,
000785.XSHE,2024-11-05,申万宏源,,,1,1,2024-11-06 10:29:52,2024-11-05 18:11:24,,1.0,,,
000785.XSHE,2024-11-05,国投证券,3.2000,M06,1,1,2024-11-06 12:29:28,2024-11-06 08:30:23,3.2,1.0,,,
000785.XSHE,2024-11-06,兴业证券,,,2,1,2024-11-07 17:51:22,2024-11-07 15:27:26,,2.0,,,
000785.XSHE,2024-11-11,海通证券,3.2400,M06,2,1,2024-11-12 12:33:45,2024-11-12 08:43:47,3.24,2.0,,,
000785.XSHE,2024-11-12,海通国际,3.4200,M06,2,1,2024-11-15 13:15:44,2024-11-15 09:59:53,3.42,2.0,,,
000785.XSHE,2024-11-28,兴业证券,,,2,1,2024-11-29 17:25:20,2024-11-29 14:24:51,,2.0,,,
000785.XSHE,2024-12-10,中泰证券,,,1,1,2024-12-11 11:31:29,2024-12-11 09:42:10,,1.0,,,
000785.XSHE,2024-12-10,兴业证券,,,2,1,2024-12-18 20:55:49,2024-12-11 10:01:08,,2.0,,,
000785.XSHE,2024-12-26,中信证券,,,2,1,2024-12-27 21:03:14,2024-12-27 16:08:00,,2.0,,,
000785.XSHE,2025-01-23,华福证券,,,1,1,2025-01-23 21:33:08,2025-01-23 16:59:16,,1.0,,,
000785.XSHE,2025-02-14,国投证券,5.4500,Y01,1,1,2025-02-14 21:23:15,2025-02-14 16:02:05,,1.0,5.45,,
000785.XSHE,2025-03-19,天风证券,,,1,1,2025-03-19 10:57:52,2025-03-19 08:09:04,,1.0,,,
000785.XSHE,2025-03-20,银河证券,,,1,1,2025-03-21 21:02:20,2025-03-21 16:31:43,,1.0,,,
000785.XSHE,2025-03-21,华福证券,,,1,1,2025-03-23 11:00:37,2025-03-21 18:10:36,,1.0,,,
000785.XSHE,2025-03-23,国泰海通证券,6.4000,M06,1,1,2025-03-24 21:05:08,2025-03-24 16:44:55,6.4,1.0,,,
000785.XSHE,2025-03-24,中泰证券,,,1,1,2025-03-25 11:41:15,2025-03-25 09:42:50,,1.0,,,
000785.XSHE,2025-03-27,长城证券,,,2,1,2025-03-28 18:23:57,2025-03-28 15:41:50,,2.0,,,
000785.XSHE,2025-05-07,华福证券,,,1,1,2025-05-08 08:32:32,2025-05-07 17:09:39,,1.0,,,
000785.XSHE,2025-05-14,中信证券,,,2,1,2025-05-16 21:55:39,2025-05-16 16:45:32,,2.0,,,
000785.XSHE,2025-05-30,国泰海通证券,4.1600,M06,1,1,2025-05-31 04:43:46,2025-05-30 18:04:53,4.16,1.0,,,
000785.XSHE,2025-09-01,华福证券,,,1,1,2025-09-02 14:58:02,2025-09-02 13:41:36,,1.0,,,
000785.XSHE,2025-09-04,国投证券,3.8200,M06,1,1,2025-09-04 12:59:32,2025-09-04 11:50:35,3.82,1.0,,,
000785.XSHE,2025-09-19,华创证券,3.6900,M06,2,1,2025-09-19 21:55:06,2025-09-19 17:58:08,3.69,2.0,,,
000785.XSHE,2025-09-20,国泰海通证券,4.0000,M06,1,1,2025-09-20 13:48:33,2025-09-20 12:20:13,4.0,1.0,,,
000785.XSHE,2025-09-30,天风证券,,,1,1,2025-09-30 08:11:15,2025-09-30 07:35:10,,1.0,,,
