order_book_id,date,open,volume,high,low,prev_close,total_turnover,close
VX0012.RI,2022-12-12,18.41561169673588,0.0,18.41561169673588,18.41561169673588,,0.0,18.41561169673588
VX0012.RI,2022-12-13,18.331075323810015,0.0,18.331075323810015,18.331075323810015,,0.0,18.331075323810015
VX0012.RI,2022-12-14,19.059126397524487,0.0,19.059126397524487,19.059126397524487,,0.0,19.059126397524487
VX0012.RI,2022-12-15,18.484082662527513,0.0,18.484082662527513,18.484082662527513,,0.0,18.484082662527513
VX0012.RI,2022-12-16,18.29850745598222,0.0,18.29850745598222,18.29850745598222,,0.0,18.29850745598222
VX0012.RI,2022-12-19,18.83599328045503,0.0,18.83599328045503,18.83599328045503,,0.0,18.83599328045503
VX0012.RI,2022-12-20,18.66871974759978,0.0,18.66871974759978,18.66871974759978,,0.0,18.66871974759978
VX0012.RI,2022-12-21,18.75617095698401,0.0,18.75617095698401,18.75617095698401,,0.0,18.75617095698401
VX0012.RI,2022-12-22,18.76816390343373,0.0,18.76816390343373,18.76816390343373,,0.0,18.76816390343373
VX0012.RI,2022-12-23,19.03265032438703,0.0,19.03265032438703,19.03265032438703,,0.0,19.03265032438703
VX0012.RI,2022-12-26,19.33566522199325,0.0,19.33566522199325,19.33566522199325,,0.0,19.33566522199325
VX0012.RI,2022-12-27,18.506033701211717,0.0,18.506033701211717,18.506033701211717,,0.0,18.506033701211717
VX0012.RI,2022-12-28,18.184318237215734,0.0,18.184318237215734,18.184318237215734,,0.0,18.184318237215734
VX0012.RI,2022-12-29,17.835788552763514,0.0,17.835788552763514,17.835788552763514,,0.0,17.835788552763514
VX0012.RI,2022-12-30,17.26271884976884,0.0,17.26271884976884,17.26271884976884,,0.0,17.26271884976884
VX0012.RI,2023-01-03,17.681345512662933,0.0,17.681345512662933,17.681345512662933,,0.0,17.681345512662933
VX0012.RI,2023-01-04,17.588449221928723,0.0,17.588449221928723,17.588449221928723,,0.0,17.588449221928723
VX0012.RI,2023-01-05,18.032403394784204,0.0,18.032403394784204,18.032403394784204,,0.0,18.032403394784204
VX0012.RI,2023-01-06,17.963000036985573,0.0,17.963000036985573,17.963000036985573,,0.0,17.963000036985573
VX0012.RI,2023-01-09,19.401889210248896,0.0,19.401889210248896,19.401889210248896,,0.0,19.401889210248896
VX0012.RI,2023-01-10,19.69356529667526,0.0,19.69356529667526,19.69356529667526,,0.0,19.69356529667526
VX0012.RI,2023-01-11,19.541681141026597,0.0,19.541681141026597,19.541681141026597,,0.0,19.541681141026597
VX0012.RI,2023-01-12,19.52721535620167,0.0,19.52721535620167,19.52721535620167,,0.0,19.52721535620167
VX0012.RI,2023-01-13,18.88839904442069,0.0,18.88839904442069,18.88839904442069,,0.0,18.88839904442069
VX0012.RI,2023-01-16,20.188989975376387,0.0,20.188989975376387,20.188989975376387,,0.0,20.188989975376387
VX0012.RI,2023-01-17,19.961809943321448,0.0,19.961809943321448,19.961809943321448,,0.0,19.961809943321448
VX0012.RI,2023-01-18,19.97581775532769,0.0,19.97581775532769,19.97581775532769,,0.0,19.97581775532769
VX0012.RI,2023-01-19,21.25968955520183,0.0,21.25968955520183,21.25968955520183,,0.0,21.25968955520183
VX0012.RI,2023-01-20,20.162860970928175,0.0,20.162860970928175,20.162860970928175,,0.0,20.162860970928175
VX0012.RI,2023-01-30,21.246561566283955,0.0,21.246561566283955,21.246561566283955,,0.0,21.246561566283955
VX0012.RI,2023-01-31,20.4792466257736,0.0,20.4792466257736,20.4792466257736,,0.0,20.4792466257736
VX0012.RI,2023-02-01,21.20122229930025,0.0,21.20122229930025,21.20122229930025,,0.0,21.20122229930025
VX0012.RI,2023-02-02,20.89144247726396,0.0,20.89144247726396,20.89144247726396,,0.0,20.89144247726396
VX0012.RI,2023-02-03,20.94816139606665,0.0,20.94816139606665,20.94816139606665,,0.0,20.94816139606665
VX0012.RI,2023-02-06,21.739595987690056,0.0,21.739595987690056,21.739595987690056,,0.0,21.739595987690056
VX0012.RI,2023-02-07,20.820202342101126,0.0,20.820202342101126,20.820202342101126,,0.0,20.820202342101126
VX0012.RI,2023-02-08,20.044978320601142,0.0,20.044978320601142,20.044978320601142,,0.0,20.044978320601142
VX0012.RI,2023-02-09,20.210356077131294,0.0,20.210356077131294,20.210356077131294,,0.0,20.210356077131294
VX0012.RI,2023-02-10,19.94532980299132,0.0,19.94532980299132,19.94532980299132,,0.0,19.94532980299132
VX0012.RI,2023-02-13,20.239738012652328,0.0,20.239738012652328,20.239738012652328,,0.0,20.239738012652328
VX0012.RI,2023-02-14,20.279799981937437,0.0,20.279799981937437,20.279799981937437,,0.0,20.279799981937437
VX0012.RI,2023-02-15,19.094935638483264,0.0,19.094935638483264,19.094935638483264,,0.0,19.094935638483264
VX0012.RI,2023-02-16,19.528586701891467,0.0,19.528586701891467,19.528586701891467,,0.0,19.528586701891467
VX0012.RI,2023-02-17,20.23630165095405,0.0,20.23630165095405,20.23630165095405,,0.0,20.23630165095405
VX0012.RI,2023-02-20,21.68633329242234,0.0,21.68633329242234,21.68633329242234,,0.0,21.68633329242234
VX0012.RI,2023-02-21,20.894824359540777,0.0,20.894824359540777,20.894824359540777,,0.0,20.894824359540777
VX0012.RI,2023-02-22,20.548352026340353,0.0,20.548352026340353,20.548352026340353,,0.0,20.548352026340353
VX0012.RI,2023-02-23,19.679290630058656,0.0,19.679290630058656,19.679290630058656,,0.0,19.679290630058656
VX0012.RI,2023-02-24,19.39035815848178,0.0,19.39035815848178,19.39035815848178,,0.0,19.39035815848178
VX0012.RI,2023-02-27,19.596677388063792,0.0,19.596677388063792,19.596677388063792,,0.0,19.596677388063792
VX0012.RI,2023-02-28,18.92774732026886,0.0,18.92774732026886,18.92774732026886,,0.0,18.92774732026886
VX0012.RI,2023-03-01,19.01858170300834,0.0,19.01858170300834,19.01858170300834,,0.0,19.01858170300834
VX0012.RI,2023-03-02,18.84008423527353,0.0,18.84008423527353,18.84008423527353,,0.0,18.84008423527353
VX0012.RI,2023-03-03,18.553853999339616,0.0,18.553853999339616,18.553853999339616,,0.0,18.553853999339616
VX0012.RI,2023-03-06,18.571593125113292,0.0,18.571593125113292,18.571593125113292,,0.0,18.571593125113292
VX0012.RI,2023-03-07,18.522008966906974,0.0,18.522008966906974,18.522008966906974,,0.0,18.522008966906974
VX0012.RI,2023-03-08,18.88891592073035,0.0,18.88891592073035,18.88891592073035,,0.0,18.88891592073035
VX0012.RI,2023-03-09,18.934634448052766,0.0,18.934634448052766,18.934634448052766,,0.0,18.934634448052766
VX0012.RI,2023-03-10,19.271311796674073,0.0,19.271311796674073,19.271311796674073,,0.0,19.271311796674073
VX0012.RI,2023-03-13,19.18800981139746,0.0,19.18800981139746,19.18800981139746,,0.0,19.18800981139746
VX0012.RI,2023-03-14,19.486898019592775,0.0,19.486898019592775,19.486898019592775,,0.0,19.486898019592775
VX0012.RI,2023-03-15,18.78871876640136,0.0,18.78871876640136,18.78871876640136,,0.0,18.78871876640136
VX0012.RI,2023-03-16,19.025970458877374,0.0,19.025970458877374,19.025970458877374,,0.0,19.025970458877374
VX0012.RI,2023-03-17,18.78848177200894,0.0,18.78848177200894,18.78848177200894,,0.0,18.78848177200894
VX0012.RI,2023-03-20,18.893838097122423,0.0,18.893838097122423,18.893838097122423,,0.0,18.893838097122423
VX0012.RI,2023-03-21,18.303544256055197,0.0,18.303544256055197,18.303544256055197,,0.0,18.303544256055197
VX0012.RI,2023-03-22,17.911711339603826,0.0,17.911711339603826,17.911711339603826,,0.0,17.911711339603826
VX0012.RI,2023-03-23,16.758602852734487,0.0,16.758602852734487,16.758602852734487,,0.0,16.758602852734487
VX0012.RI,2023-03-24,16.62859941827466,0.0,16.62859941827466,16.62859941827466,,0.0,16.62859941827466
VX0012.RI,2023-03-27,17.093998444719105,0.0,17.093998444719105,17.093998444719105,,0.0,17.093998444719105
VX0012.RI,2023-03-28,16.95772255037849,0.0,16.95772255037849,16.95772255037849,,0.0,16.95772255037849
VX0012.RI,2023-03-29,16.595512881768613,0.0,16.595512881768613,16.595512881768613,,0.0,16.595512881768613
VX0012.RI,2023-03-30,16.133986947430643,0.0,16.133986947430643,16.133986947430643,,0.0,16.133986947430643
VX0012.RI,2023-03-31,16.612634995591712,0.0,16.612634995591712,16.612634995591712,,0.0,16.612634995591712
VX0012.RI,2023-04-03,17.38268785145446,0.0,17.38268785145446,17.38268785145446,,0.0,17.38268785145446
VX0012.RI,2023-04-04,17.476362745469327,0.0,17.476362745469327,17.476362745469327,,0.0,17.476362745469327
VX0012.RI,2023-04-06,17.702598994992602,0.0,17.702598994992602,17.702598994992602,,0.0,17.702598994992602
VX0012.RI,2023-04-07,17.532435016690474,0.0,17.532435016690474,17.532435016690474,,0.0,17.532435016690474
VX0012.RI,2023-04-10,17.508908852748995,0.0,17.508908852748995,17.508908852748995,,0.0,17.508908852748995
VX0012.RI,2023-04-11,16.957923806583473,0.0,16.957923806583473,16.957923806583473,,0.0,16.957923806583473
VX0012.RI,2023-04-12,16.62229505634172,0.0,16.62229505634172,16.62229505634172,,0.0,16.62229505634172
VX0012.RI,2023-04-13,16.18977818444586,0.0,16.18977818444586,16.18977818444586,,0.0,16.18977818444586
VX0012.RI,2023-04-14,15.683099521446339,0.0,15.683099521446339,15.683099521446339,,0.0,15.683099521446339
VX0012.RI,2023-04-17,16.958190071457473,0.0,16.958190071457473,16.958190071457473,,0.0,16.958190071457473
VX0012.RI,2023-04-18,16.158562691547864,0.0,16.158562691547864,16.158562691547864,,0.0,16.158562691547864
VX0012.RI,2023-04-19,15.254310055901744,0.0,15.254310055901744,15.254310055901744,,0.0,15.254310055901744
VX0012.RI,2023-04-20,15.059068409572893,0.0,15.059068409572893,15.059068409572893,,0.0,15.059068409572893
VX0012.RI,2023-04-21,15.96973842929264,0.0,15.96973842929264,15.96973842929264,,0.0,15.96973842929264
VX0012.RI,2023-04-24,17.48469129062642,0.0,17.48469129062642,17.48469129062642,,0.0,17.48469129062642
VX0012.RI,2023-04-25,18.335007978252303,0.0,18.335007978252303,18.335007978252303,,0.0,18.335007978252303
VX0012.RI,2023-04-26,17.571297080872338,0.0,17.571297080872338,17.571297080872338,,0.0,17.571297080872338
VX0012.RI,2023-04-27,16.605383344975525,0.0,16.605383344975525,16.605383344975525,,0.0,16.605383344975525
VX0012.RI,2023-04-28,16.04962929859212,0.0,16.04962929859212,16.04962929859212,,0.0,16.04962929859212
VX0012.RI,2023-05-04,16.66799467468189,0.0,16.66799467468189,16.66799467468189,,0.0,16.66799467468189
VX0012.RI,2023-05-05,16.33504607719918,0.0,16.33504607719918,16.33504607719918,,0.0,16.33504607719918
VX0012.RI,2023-05-08,16.585762000255308,0.0,16.585762000255308,16.585762000255308,,0.0,16.585762000255308
VX0012.RI,2023-05-09,17.072240346086616,0.0,17.072240346086616,17.072240346086616,,0.0,17.072240346086616
VX0012.RI,2023-05-10,17.335444341021056,0.0,17.335444341021056,17.335444341021056,,0.0,17.335444341021056
VX0012.RI,2023-05-11,16.750327378665435,0.0,16.750327378665435,16.750327378665435,,0.0,16.750327378665435
VX0012.RI,2023-05-12,16.937034486028235,0.0,16.937034486028235,16.937034486028235,,0.0,16.937034486028235
VX0012.RI,2023-05-15,17.54273778706604,0.0,17.54273778706604,17.54273778706604,,0.0,17.54273778706604
VX0012.RI,2023-05-16,17.298168885976764,0.0,17.298168885976764,17.298168885976764,,0.0,17.298168885976764
VX0012.RI,2023-05-17,17.550164731441846,0.0,17.550164731441846,17.550164731441846,,0.0,17.550164731441846
VX0012.RI,2023-05-18,17.652747817431298,0.0,17.652747817431298,17.652747817431298,,0.0,17.652747817431298
VX0012.RI,2023-05-19,17.03356119541379,0.0,17.03356119541379,17.03356119541379,,0.0,17.03356119541379
VX0012.RI,2023-05-22,16.50899550973746,0.0,16.50899550973746,16.50899550973746,,0.0,16.50899550973746
VX0012.RI,2023-05-23,16.289040810883044,0.0,16.289040810883044,16.289040810883044,,0.0,16.289040810883044
VX0012.RI,2023-05-24,16.934606769850795,0.0,16.934606769850795,16.934606769850795,,0.0,16.934606769850795
VX0012.RI,2023-05-25,16.501661975901065,0.0,16.501661975901065,16.501661975901065,,0.0,16.501661975901065
VX0012.RI,2023-05-26,16.11973401904823,0.0,16.11973401904823,16.11973401904823,,0.0,16.11973401904823
VX0012.RI,2023-05-29,16.782649222570075,0.0,16.782649222570075,16.782649222570075,,0.0,16.782649222570075
VX0012.RI,2023-05-30,16.562031360459255,0.0,16.562031360459255,16.562031360459255,,0.0,16.562031360459255
VX0012.RI,2023-05-31,17.381979312228463,0.0,17.381979312228463,17.381979312228463,,0.0,17.381979312228463
VX0012.RI,2023-06-01,17.419933470532534,0.0,17.419933470532534,17.419933470532534,,0.0,17.419933470532534
VX0012.RI,2023-06-02,16.39820149054429,0.0,16.39820149054429,16.39820149054429,,0.0,16.39820149054429
VX0012.RI,2023-06-05,16.767278804999986,0.0,16.767278804999986,16.767278804999986,,0.0,16.767278804999986
VX0012.RI,2023-06-06,17.679794120225587,0.0,17.679794120225587,17.679794120225587,,0.0,17.679794120225587
VX0012.RI,2023-06-07,18.026229127797976,0.0,18.026229127797976,18.026229127797976,,0.0,18.026229127797976
VX0012.RI,2023-06-08,17.939117462254252,0.0,17.939117462254252,17.939117462254252,,0.0,17.939117462254252
VX0012.RI,2023-06-09,17.063846986340558,0.0,17.063846986340558,17.063846986340558,,0.0,17.063846986340558
VX0012.RI,2023-06-12,16.75728766754291,0.0,16.75728766754291,16.75728766754291,,0.0,16.75728766754291
VX0012.RI,2023-06-13,16.323336416004043,0.0,16.323336416004043,16.323336416004043,,0.0,16.323336416004043
VX0012.RI,2023-06-14,16.03003608299601,0.0,16.03003608299601,16.03003608299601,,0.0,16.03003608299601
VX0012.RI,2023-06-15,16.00597756133397,0.0,16.00597756133397,16.00597756133397,,0.0,16.00597756133397
VX0012.RI,2023-06-16,16.380002845638078,0.0,16.380002845638078,16.380002845638078,,0.0,16.380002845638078
VX0012.RI,2023-06-19,16.527961361984552,0.0,16.527961361984552,16.527961361984552,,0.0,16.527961361984552
VX0012.RI,2023-06-20,16.1214645709369,0.0,16.1214645709369,16.1214645709369,,0.0,16.1214645709369
VX0012.RI,2023-06-21,16.66796378044522,0.0,16.66796378044522,16.66796378044522,,0.0,16.66796378044522
VX0012.RI,2023-06-26,18.39351330823048,0.0,18.39351330823048,18.39351330823048,,0.0,18.39351330823048
VX0012.RI,2023-06-27,17.614448407638083,0.0,17.614448407638083,17.614448407638083,,0.0,17.614448407638083
VX0012.RI,2023-06-28,17.306618684931983,0.0,17.306618684931983,17.306618684931983,,0.0,17.306618684931983
VX0012.RI,2023-06-29,16.82096690263803,0.0,16.82096690263803,16.82096690263803,,0.0,16.82096690263803
VX0012.RI,2023-06-30,16.535836540044553,0.0,16.535836540044553,16.535836540044553,,0.0,16.535836540044553
VX0012.RI,2023-07-03,16.49166225575793,0.0,16.49166225575793,16.49166225575793,,0.0,16.49166225575793
VX0012.RI,2023-07-04,16.252177157267162,0.0,16.252177157267162,16.252177157267162,,0.0,16.252177157267162
VX0012.RI,2023-07-05,16.33399230038661,0.0,16.33399230038661,16.33399230038661,,0.0,16.33399230038661
VX0012.RI,2023-07-06,16.684728941650988,0.0,16.684728941650988,16.684728941650988,,0.0,16.684728941650988
VX0012.RI,2023-07-07,16.542602591934603,0.0,16.542602591934603,16.542602591934603,,0.0,16.542602591934603
VX0012.RI,2023-07-10,16.71068243420068,0.0,16.71068243420068,16.71068243420068,,0.0,16.71068243420068
VX0012.RI,2023-07-11,16.079540223113938,0.0,16.079540223113938,16.079540223113938,,0.0,16.079540223113938
VX0012.RI,2023-07-12,16.230872418952707,0.0,16.230872418952707,16.230872418952707,,0.0,16.230872418952707
VX0012.RI,2023-07-13,15.559346132152921,0.0,15.559346132152921,15.559346132152921,,0.0,15.559346132152921
VX0012.RI,2023-07-14,15.713872418731054,0.0,15.713872418731054,15.713872418731054,,0.0,15.713872418731054
VX0012.RI,2023-07-17,15.863172868955807,0.0,15.863172868955807,15.863172868955807,,0.0,15.863172868955807
VX0012.RI,2023-07-18,15.443613670354939,0.0,15.443613670354939,15.443613670354939,,0.0,15.443613670354939
VX0012.RI,2023-07-19,15.669329261233198,0.0,15.669329261233198,15.669329261233198,,0.0,15.669329261233198
VX0012.RI,2023-07-20,16.21682501668877,0.0,16.21682501668877,16.21682501668877,,0.0,16.21682501668877
VX0012.RI,2023-07-21,15.458307455465755,0.0,15.458307455465755,15.458307455465755,,0.0,15.458307455465755
VX0012.RI,2023-07-24,16.06724002947068,0.0,16.06724002947068,16.06724002947068,,0.0,16.06724002947068
VX0012.RI,2023-07-25,16.869903641223303,0.0,16.869903641223303,16.869903641223303,,0.0,16.869903641223303
VX0012.RI,2023-07-26,17.230524330820028,0.0,17.230524330820028,17.230524330820028,,0.0,17.230524330820028
VX0012.RI,2023-07-27,15.987885113943662,0.0,15.987885113943662,15.987885113943662,,0.0,15.987885113943662
VX0012.RI,2023-07-28,16.90734776081384,0.0,16.90734776081384,16.90734776081384,,0.0,16.90734776081384
VX0012.RI,2023-07-31,18.828601310468603,0.0,18.828601310468603,18.828601310468603,,0.0,18.828601310468603
VX0012.RI,2023-08-01,17.905843360346193,0.0,17.905843360346193,17.905843360346193,,0.0,17.905843360346193
VX0012.RI,2023-08-02,17.90747318884934,0.0,17.90747318884934,17.90747318884934,,0.0,17.90747318884934
VX0012.RI,2023-08-03,18.07912460499544,0.0,18.07912460499544,18.07912460499544,,0.0,18.07912460499544
VX0012.RI,2023-08-04,18.42410920758395,0.0,18.42410920758395,18.42410920758395,,0.0,18.42410920758395
VX0012.RI,2023-08-07,18.112832968319488,0.0,18.112832968319488,18.112832968319488,,0.0,18.112832968319488
VX0012.RI,2023-08-08,18.41030864156196,0.0,18.41030864156196,18.41030864156196,,0.0,18.41030864156196
VX0012.RI,2023-08-09,18.677724067795857,0.0,18.677724067795857,18.677724067795857,,0.0,18.677724067795857
VX0012.RI,2023-08-10,18.457959594960666,0.0,18.457959594960666,18.457959594960666,,0.0,18.457959594960666
VX0012.RI,2023-08-11,18.715296689890586,0.0,18.715296689890586,18.715296689890586,,0.0,18.715296689890586
VX0012.RI,2023-08-14,18.836420567730222,0.0,18.836420567730222,18.836420567730222,,0.0,18.836420567730222
VX0012.RI,2023-08-15,18.41148874048547,0.0,18.41148874048547,18.41148874048547,,0.0,18.41148874048547
VX0012.RI,2023-08-16,18.616497165647434,0.0,18.616497165647434,18.616497165647434,,0.0,18.616497165647434
VX0012.RI,2023-08-17,18.970439321573558,0.0,18.970439321573558,18.970439321573558,,0.0,18.970439321573558
VX0012.RI,2023-08-18,19.741460795805672,0.0,19.741460795805672,19.741460795805672,,0.0,19.741460795805672
VX0012.RI,2023-08-21,19.98879456537596,0.0,19.98879456537596,19.98879456537596,,0.0,19.98879456537596
VX0012.RI,2023-08-22,20.242395356590052,0.0,20.242395356590052,20.242395356590052,,0.0,20.242395356590052
VX0012.RI,2023-08-23,20.081570267254158,0.0,20.081570267254158,20.081570267254158,,0.0,20.081570267254158
VX0012.RI,2023-08-24,20.781896557824464,0.0,20.781896557824464,20.781896557824464,,0.0,20.781896557824464
VX0012.RI,2023-08-25,21.91075335466535,0.0,21.91075335466535,21.91075335466535,,0.0,21.91075335466535
VX0012.RI,2023-08-28,22.457579864372587,0.0,22.457579864372587,22.457579864372587,,0.0,22.457579864372587
VX0012.RI,2023-08-29,21.164494761500233,0.0,21.164494761500233,21.164494761500233,,0.0,21.164494761500233
VX0012.RI,2023-08-30,19.279656811353625,0.0,19.279656811353625,19.279656811353625,,0.0,19.279656811353625
VX0012.RI,2023-08-31,18.160641207524257,0.0,18.160641207524257,18.160641207524257,,0.0,18.160641207524257
VX0012.RI,2023-09-01,17.51349155947212,0.0,17.51349155947212,17.51349155947212,,0.0,17.51349155947212
VX0012.RI,2023-09-04,17.352910630124885,0.0,17.352910630124885,17.352910630124885,,0.0,17.352910630124885
VX0012.RI,2023-09-05,17.290301931734216,0.0,17.290301931734216,17.290301931734216,,0.0,17.290301931734216
VX0012.RI,2023-09-06,17.478547487710745,0.0,17.478547487710745,17.478547487710745,,0.0,17.478547487710745
VX0012.RI,2023-09-07,18.044817994094668,0.0,18.044817994094668,18.044817994094668,,0.0,18.044817994094668
VX0012.RI,2023-09-08,18.370855918369944,0.0,18.370855918369944,18.370855918369944,,0.0,18.370855918369944
VX0012.RI,2023-09-11,17.620329740351202,0.0,17.620329740351202,17.620329740351202,,0.0,17.620329740351202
VX0012.RI,2023-09-12,17.360967191939018,0.0,17.360967191939018,17.360967191939018,,0.0,17.360967191939018
VX0012.RI,2023-09-13,17.67284099196815,0.0,17.67284099196815,17.67284099196815,,0.0,17.67284099196815
VX0012.RI,2023-09-14,17.225372915257083,0.0,17.225372915257083,17.225372915257083,,0.0,17.225372915257083
VX0012.RI,2023-09-15,17.6835665354875,0.0,17.6835665354875,17.6835665354875,,0.0,17.6835665354875
VX0012.RI,2023-09-18,17.590779573533155,0.0,17.590779573533155,17.590779573533155,,0.0,17.590779573533155
VX0012.RI,2023-09-19,17.283065281392343,0.0,17.283065281392343,17.283065281392343,,0.0,17.283065281392343
VX0012.RI,2023-09-20,17.547966686993004,0.0,17.547966686993004,17.547966686993004,,0.0,17.547966686993004
VX0012.RI,2023-09-21,17.720390359233715,0.0,17.720390359233715,17.720390359233715,,0.0,17.720390359233715
VX0012.RI,2023-09-22,18.537946663257333,0.0,18.537946663257333,18.537946663257333,,0.0,18.537946663257333
VX0012.RI,2023-09-25,17.82605079800435,0.0,17.82605079800435,17.82605079800435,,0.0,17.82605079800435
VX0012.RI,2023-09-26,17.42985590252344,0.0,17.42985590252344,17.42985590252344,,0.0,17.42985590252344
VX0012.RI,2023-09-27,18.16278302074197,0.0,18.16278302074197,18.16278302074197,,0.0,18.16278302074197
VX0012.RI,2023-09-28,17.242949067831276,0.0,17.242949067831276,17.242949067831276,,0.0,17.242949067831276
VX0012.RI,2023-10-09,17.307249460519465,0.0,17.307249460519465,17.307249460519465,,0.0,17.307249460519465
VX0012.RI,2023-10-10,17.173988477821904,0.0,17.173988477821904,17.173988477821904,,0.0,17.173988477821904
VX0012.RI,2023-10-11,16.924684565704776,0.0,16.924684565704776,16.924684565704776,,0.0,16.924684565704776
VX0012.RI,2023-10-12,15.986376007781194,0.0,15.986376007781194,15.986376007781194,,0.0,15.986376007781194
VX0012.RI,2023-10-13,16.26950988839337,0.0,16.26950988839337,16.26950988839337,,0.0,16.26950988839337
VX0012.RI,2023-10-16,17.096460883069522,0.0,17.096460883069522,17.096460883069522,,0.0,17.096460883069522
VX0012.RI,2023-10-17,17.20981687590152,0.0,17.20981687590152,17.20981687590152,,0.0,17.20981687590152
VX0012.RI,2023-10-18,16.95921526038226,0.0,16.95921526038226,16.95921526038226,,0.0,16.95921526038226
VX0012.RI,2023-10-19,18.638611665769293,0.0,18.638611665769293,18.638611665769293,,0.0,18.638611665769293
VX0012.RI,2023-10-20,19.345173122978025,0.0,19.345173122978025,19.345173122978025,,0.0,19.345173122978025
VX0012.RI,2023-10-23,21.271564147458676,0.0,21.271564147458676,21.271564147458676,,0.0,21.271564147458676
VX0012.RI,2023-10-24,19.94245136887917,0.0,19.94245136887917,19.94245136887917,,0.0,19.94245136887917
VX0012.RI,2023-10-25,18.196627635850454,0.0,18.196627635850454,18.196627635850454,,0.0,18.196627635850454
VX0012.RI,2023-10-26,17.661971838710556,0.0,17.661971838710556,17.661971838710556,,0.0,17.661971838710556
VX0012.RI,2023-10-27,17.32568418889454,0.0,17.32568418889454,17.32568418889454,,0.0,17.32568418889454
VX0012.RI,2023-10-30,17.91564520783506,0.0,17.91564520783506,17.91564520783506,,0.0,17.91564520783506
VX0012.RI,2023-10-31,17.311727332346294,0.0,17.311727332346294,17.311727332346294,,0.0,17.311727332346294
VX0012.RI,2023-11-01,17.49435181012731,0.0,17.49435181012731,17.49435181012731,,0.0,17.49435181012731
VX0012.RI,2023-11-02,17.449427937470997,0.0,17.449427937470997,17.449427937470997,,0.0,17.449427937470997
VX0012.RI,2023-11-03,17.366955407636574,0.0,17.366955407636574,17.366955407636574,,0.0,17.366955407636574
VX0012.RI,2023-11-06,18.754598870873107,0.0,18.754598870873107,18.754598870873107,,0.0,18.754598870873107
VX0012.RI,2023-11-07,18.850567895893754,0.0,18.850567895893754,18.850567895893754,,0.0,18.850567895893754
VX0012.RI,2023-11-08,18.563011298473516,0.0,18.563011298473516,18.563011298473516,,0.0,18.563011298473516
VX0012.RI,2023-11-09,18.42689003299548,0.0,18.42689003299548,18.42689003299548,,0.0,18.42689003299548
VX0012.RI,2023-11-10,18.456443256155218,0.0,18.456443256155218,18.456443256155218,,0.0,18.456443256155218
VX0012.RI,2023-11-13,18.806007297077652,0.0,18.806007297077652,18.806007297077652,,0.0,18.806007297077652
VX0012.RI,2023-11-14,18.344975543393602,0.0,18.344975543393602,18.344975543393602,,0.0,18.344975543393602
VX0012.RI,2023-11-15,18.7679735180772,0.0,18.7679735180772,18.7679735180772,,0.0,18.7679735180772
VX0012.RI,2023-11-16,18.435336765856558,0.0,18.435336765856558,18.435336765856558,,0.0,18.435336765856558
VX0012.RI,2023-11-17,17.67270750511591,0.0,17.67270750511591,17.67270750511591,,0.0,17.67270750511591
VX0012.RI,2023-11-20,17.42435952992755,0.0,17.42435952992755,17.42435952992755,,0.0,17.42435952992755
VX0012.RI,2023-11-21,16.640573881649072,0.0,16.640573881649072,16.640573881649072,,0.0,16.640573881649072
VX0012.RI,2023-11-22,17.2360212300117,0.0,17.2360212300117,17.2360212300117,,0.0,17.2360212300117
VX0012.RI,2023-11-23,16.679953956152232,0.0,16.679953956152232,16.679953956152232,,0.0,16.679953956152232
VX0012.RI,2023-11-24,16.760455957488613,0.0,16.760455957488613,16.760455957488613,,0.0,16.760455957488613
VX0012.RI,2023-11-27,17.57022712584645,0.0,17.57022712584645,17.57022712584645,,0.0,17.57022712584645
VX0012.RI,2023-11-28,16.99666522069836,0.0,16.99666522069836,16.99666522069836,,0.0,16.99666522069836
VX0012.RI,2023-11-29,17.225208444888217,0.0,17.225208444888217,17.225208444888217,,0.0,17.225208444888217
VX0012.RI,2023-11-30,16.996413671122735,0.0,16.996413671122735,16.996413671122735,,0.0,16.996413671122735
VX0012.RI,2023-12-01,16.81729487291438,0.0,16.81729487291438,16.81729487291438,,0.0,16.81729487291438
VX0012.RI,2023-12-04,17.915959352420803,0.0,17.915959352420803,17.915959352420803,,0.0,17.915959352420803
VX0012.RI,2023-12-05,18.867401246808715,0.0,18.867401246808715,18.867401246808715,,0.0,18.867401246808715
VX0012.RI,2023-12-06,18.56536184696856,0.0,18.56536184696856,18.56536184696856,,0.0,18.56536184696856
VX0012.RI,2023-12-07,18.690514203572057,0.0,18.690514203572057,18.690514203572057,,0.0,18.690514203572057
VX0012.RI,2023-12-08,17.783094042598417,0.0,17.783094042598417,17.783094042598417,,0.0,17.783094042598417
VX0012.RI,2023-12-11,18.848107230337995,0.0,18.848107230337995,18.848107230337995,,0.0,18.848107230337995
VX0012.RI,2023-12-12,18.56613956039497,0.0,18.56613956039497,18.56613956039497,,0.0,18.56613956039497
VX0012.RI,2023-12-13,18.854844822269794,0.0,18.854844822269794,18.854844822269794,,0.0,18.854844822269794
VX0012.RI,2023-12-14,19.04458255486623,0.0,19.04458255486623,19.04458255486623,,0.0,19.04458255486623
VX0012.RI,2023-12-15,18.681180886064173,0.0,18.681180886064173,18.681180886064173,,0.0,18.681180886064173
VX0012.RI,2023-12-18,19.048641946998814,0.0,19.048641946998814,19.048641946998814,,0.0,19.048641946998814
VX0012.RI,2023-12-19,19.808889479261072,0.0,19.808889479261072,19.808889479261072,,0.0,19.808889479261072
VX0012.RI,2023-12-20,19.92458285303132,0.0,19.92458285303132,19.92458285303132,,0.0,19.92458285303132
VX0012.RI,2023-12-21,19.46613973668872,0.0,19.46613973668872,19.46613973668872,,0.0,19.46613973668872
VX0012.RI,2023-12-22,18.89757952480951,0.0,18.89757952480951,18.89757952480951,,0.0,18.89757952480951
VX0012.RI,2023-12-25,18.374763887461228,0.0,18.374763887461228,18.374763887461228,,0.0,18.374763887461228
VX0012.RI,2023-12-26,18.336658580141023,0.0,18.336658580141023,18.336658580141023,,0.0,18.336658580141023
VX0012.RI,2023-12-27,18.511246858743995,0.0,18.511246858743995,18.511246858743995,,0.0,18.511246858743995
VX0012.RI,2023-12-28,18.716728275010432,0.0,18.716728275010432,18.716728275010432,,0.0,18.716728275010432
VX0012.RI,2023-12-29,18.020161493913367,0.0,18.020161493913367,18.020161493913367,,0.0,18.020161493913367
VX0012.RI,2024-01-02,18.235230332838942,0.0,18.235230332838942,18.235230332838942,,0.0,18.235230332838942
VX0012.RI,2024-01-03,18.33239648823227,0.0,18.33239648823227,18.33239648823227,,0.0,18.33239648823227
VX0012.RI,2024-01-04,19.0476068450924,0.0,19.0476068450924,19.0476068450924,,0.0,19.0476068450924
VX0012.RI,2024-01-05,19.727085956436724,0.0,19.727085956436724,19.727085956436724,,0.0,19.727085956436724
VX0012.RI,2024-01-08,22.077216675437747,0.0,22.077216675437747,22.077216675437747,,0.0,22.077216675437747
VX0012.RI,2024-01-09,21.388736333790042,0.0,21.388736333790042,21.388736333790042,,0.0,21.388736333790042
VX0012.RI,2024-01-10,21.234169772101787,0.0,21.234169772101787,21.234169772101787,,0.0,21.234169772101787
VX0012.RI,2024-01-11,20.89080702367919,0.0,20.89080702367919,20.89080702367919,,0.0,20.89080702367919
VX0012.RI,2024-01-12,20.7563199952053,0.0,20.7563199952053,20.7563199952053,,0.0,20.7563199952053
VX0012.RI,2024-01-15,20.066573386588228,0.0,20.066573386588228,20.066573386588228,,0.0,20.066573386588228
VX0012.RI,2024-01-16,19.918049538378256,0.0,19.918049538378256,19.918049538378256,,0.0,19.918049538378256
VX0012.RI,2024-01-17,21.72194500023409,0.0,21.72194500023409,21.72194500023409,,0.0,21.72194500023409
VX0012.RI,2024-01-18,22.749731943168257,0.0,22.749731943168257,22.749731943168257,,0.0,22.749731943168257
VX0012.RI,2024-01-19,21.043201587849218,0.0,21.043201587849218,21.043201587849218,,0.0,21.043201587849218
VX0012.RI,2024-01-22,24.316933822495006,0.0,24.316933822495006,24.316933822495006,,0.0,24.316933822495006
VX0012.RI,2024-01-23,22.068262302102326,0.0,22.068262302102326,22.068262302102326,,0.0,22.068262302102326
VX0012.RI,2024-01-24,21.380869460925553,0.0,21.380869460925553,21.380869460925553,,0.0,21.380869460925553
VX0012.RI,2024-01-25,20.683589794084554,0.0,20.683589794084554,20.683589794084554,,0.0,20.683589794084554
VX0012.RI,2024-01-26,20.735952657814092,0.0,20.735952657814092,20.735952657814092,,0.0,20.735952657814092
VX0012.RI,2024-01-29,22.375389818793778,0.0,22.375389818793778,22.375389818793778,,0.0,22.375389818793778
VX0012.RI,2024-01-30,22.74712455071812,0.0,22.74712455071812,22.74712455071812,,0.0,22.74712455071812
VX0012.RI,2024-01-31,23.640279146243554,0.0,23.640279146243554,23.640279146243554,,0.0,23.640279146243554
VX0012.RI,2024-02-01,23.694276958308862,0.0,23.694276958308862,23.694276958308862,,0.0,23.694276958308862
VX0012.RI,2024-02-02,25.803837943709716,0.0,25.803837943709716,25.803837943709716,,0.0,25.803837943709716
VX0012.RI,2024-02-05,28.909417414207205,0.0,28.909417414207205,28.909417414207205,,0.0,28.909417414207205
VX0012.RI,2024-02-06,26.24378288885316,0.0,26.24378288885316,26.24378288885316,,0.0,26.24378288885316
VX0012.RI,2024-02-07,25.727589747537294,0.0,25.727589747537294,25.727589747537294,,0.0,25.727589747537294
VX0012.RI,2024-02-08,24.397825269327285,0.0,24.397825269327285,24.397825269327285,,0.0,24.397825269327285
VX0012.RI,2024-02-19,26.603011394687865,0.0,26.603011394687865,26.603011394687865,,0.0,26.603011394687865
VX0012.RI,2024-02-20,22.098816855698463,0.0,22.098816855698463,22.098816855698463,,0.0,22.098816855698463
VX0012.RI,2024-02-21,22.260942605213224,0.0,22.260942605213224,22.260942605213224,,0.0,22.260942605213224
VX0012.RI,2024-02-22,22.31066536380572,0.0,22.31066536380572,22.31066536380572,,0.0,22.31066536380572
VX0012.RI,2024-02-23,23.19793184206745,0.0,23.19793184206745,23.19793184206745,,0.0,23.19793184206745
VX0012.RI,2024-02-26,24.225174159648574,0.0,24.225174159648574,24.225174159648574,,0.0,24.225174159648574
VX0012.RI,2024-02-27,23.79511472583482,0.0,23.79511472583482,23.79511472583482,,0.0,23.79511472583482
VX0012.RI,2024-02-28,25.334442921801553,0.0,25.334442921801553,25.334442921801553,,0.0,25.334442921801553
VX0012.RI,2024-02-29,24.219601394575786,0.0,24.219601394575786,24.219601394575786,,0.0,24.219601394575786
VX0012.RI,2024-03-01,23.83964969005158,0.0,23.83964969005158,23.83964969005158,,0.0,23.83964969005158
VX0012.RI,2024-03-04,23.5145443198819,0.0,23.5145443198819,23.5145443198819,,0.0,23.5145443198819
VX0012.RI,2024-03-05,22.346123101896186,0.0,22.346123101896186,22.346123101896186,,0.0,22.346123101896186
VX0012.RI,2024-03-06,20.593651034837894,0.0,20.593651034837894,20.593651034837894,,0.0,20.593651034837894
VX0012.RI,2024-03-07,21.150748468054008,0.0,21.150748468054008,21.150748468054008,,0.0,21.150748468054008
VX0012.RI,2024-03-08,20.49351751598113,0.0,20.49351751598113,20.49351751598113,,0.0,20.49351751598113
VX0012.RI,2024-03-11,20.081512668613364,0.0,20.081512668613364,20.081512668613364,,0.0,20.081512668613364
VX0012.RI,2024-03-12,20.359045137433217,0.0,20.359045137433217,20.359045137433217,,0.0,20.359045137433217
VX0012.RI,2024-03-13,19.93496927718226,0.0,19.93496927718226,19.93496927718226,,0.0,19.93496927718226
VX0012.RI,2024-03-14,19.860455114658315,0.0,19.860455114658315,19.860455114658315,,0.0,19.860455114658315
VX0012.RI,2024-03-15,19.46987226099465,0.0,19.46987226099465,19.46987226099465,,0.0,19.46987226099465
VX0012.RI,2024-03-18,19.38908576678777,0.0,19.38908576678777,19.38908576678777,,0.0,19.38908576678777
VX0012.RI,2024-03-19,19.81503720799111,0.0,19.81503720799111,19.81503720799111,,0.0,19.81503720799111
VX0012.RI,2024-03-20,18.882001055905604,0.0,18.882001055905604,18.882001055905604,,0.0,18.882001055905604
VX0012.RI,2024-03-21,18.585498801950855,0.0,18.585498801950855,18.585498801950855,,0.0,18.585498801950855
VX0012.RI,2024-03-22,19.423361250544023,0.0,19.423361250544023,19.423361250544023,,0.0,19.423361250544023
VX0012.RI,2024-03-25,19.257386474961887,0.0,19.257386474961887,19.257386474961887,,0.0,19.257386474961887
VX0012.RI,2024-03-26,19.531560648125335,0.0,19.531560648125335,19.531560648125335,,0.0,19.531560648125335
VX0012.RI,2024-03-27,20.649403883478232,0.0,20.649403883478232,20.649403883478232,,0.0,20.649403883478232
VX0012.RI,2024-03-28,19.74585110324274,0.0,19.74585110324274,19.74585110324274,,0.0,19.74585110324274
VX0012.RI,2024-03-29,18.803806468523334,0.0,18.803806468523334,18.803806468523334,,0.0,18.803806468523334
VX0012.RI,2024-04-01,18.57147336633531,0.0,18.57147336633531,18.57147336633531,,0.0,18.57147336633531
VX0012.RI,2024-04-02,18.683688851905774,0.0,18.683688851905774,18.683688851905774,,0.0,18.683688851905774
VX0012.RI,2024-04-03,18.333248344138926,0.0,18.333248344138926,18.333248344138926,,0.0,18.333248344138926
VX0012.RI,2024-04-08,18.58706289861492,0.0,18.58706289861492,18.58706289861492,,0.0,18.58706289861492
VX0012.RI,2024-04-09,18.411695190604288,0.0,18.411695190604288,18.411695190604288,,0.0,18.411695190604288
VX0012.RI,2024-04-10,18.465508453107425,0.0,18.465508453107425,18.465508453107425,,0.0,18.465508453107425
VX0012.RI,2024-04-11,18.96973816776761,0.0,18.96973816776761,18.96973816776761,,0.0,18.96973816776761
VX0012.RI,2024-04-12,18.99093883422879,0.0,18.99093883422879,18.99093883422879,,0.0,18.99093883422879
VX0012.RI,2024-04-15,20.246500835100324,0.0,20.246500835100324,20.246500835100324,,0.0,20.246500835100324
VX0012.RI,2024-04-16,20.876291554537747,0.0,20.876291554537747,20.876291554537747,,0.0,20.876291554537747
VX0012.RI,2024-04-17,19.44722697614268,0.0,19.44722697614268,19.44722697614268,,0.0,19.44722697614268
VX0012.RI,2024-04-18,19.797617151972695,0.0,19.797617151972695,19.797617151972695,,0.0,19.797617151972695
VX0012.RI,2024-04-19,20.03889649378683,0.0,20.03889649378683,20.03889649378683,,0.0,20.03889649378683
VX0012.RI,2024-04-22,19.508638046614625,0.0,19.508638046614625,19.508638046614625,,0.0,19.508638046614625
VX0012.RI,2024-04-23,18.810630780476128,0.0,18.810630780476128,18.810630780476128,,0.0,18.810630780476128
VX0012.RI,2024-04-24,18.479677116673685,0.0,18.479677116673685,18.479677116673685,,0.0,18.479677116673685
VX0012.RI,2024-04-25,17.72632994206059,0.0,17.72632994206059,17.72632994206059,,0.0,17.72632994206059
VX0012.RI,2024-04-26,17.984793977246024,0.0,17.984793977246024,17.984793977246024,,0.0,17.984793977246024
VX0012.RI,2024-04-29,19.71001174967924,0.0,19.71001174967924,19.71001174967924,,0.0,19.71001174967924
VX0012.RI,2024-04-30,19.060723641758177,0.0,19.060723641758177,19.060723641758177,,0.0,19.060723641758177
VX0012.RI,2024-05-06,19.566086003929758,0.0,19.566086003929758,19.566086003929758,,0.0,19.566086003929758
VX0012.RI,2024-05-07,19.041315035823615,0.0,19.041315035823615,19.041315035823615,,0.0,19.041315035823615
VX0012.RI,2024-05-08,18.697992700537235,0.0,18.697992700537235,18.697992700537235,,0.0,18.697992700537235
VX0012.RI,2024-05-09,18.396352463755772,0.0,18.396352463755772,18.396352463755772,,0.0,18.396352463755772
VX0012.RI,2024-05-10,18.62336679585618,0.0,18.62336679585618,18.62336679585618,,0.0,18.62336679585618
VX0012.RI,2024-05-13,18.85112681017952,0.0,18.85112681017952,18.85112681017952,,0.0,18.85112681017952
VX0012.RI,2024-05-14,18.966409325141218,0.0,18.966409325141218,18.966409325141218,,0.0,18.966409325141218
VX0012.RI,2024-05-15,18.748205316652964,0.0,18.748205316652964,18.748205316652964,,0.0,18.748205316652964
VX0012.RI,2024-05-16,18.61863399961705,0.0,18.61863399961705,18.61863399961705,,0.0,18.61863399961705
VX0012.RI,2024-05-17,18.73468123010821,0.0,18.73468123010821,18.73468123010821,,0.0,18.73468123010821
VX0012.RI,2024-05-20,17.991442489265832,0.0,17.991442489265832,17.991442489265832,,0.0,17.991442489265832
VX0012.RI,2024-05-21,18.10503197525721,0.0,18.10503197525721,18.10503197525721,,0.0,18.10503197525721
VX0012.RI,2024-05-22,17.86200686702998,0.0,17.86200686702998,17.86200686702998,,0.0,17.86200686702998
VX0012.RI,2024-05-23,17.250492380503616,0.0,17.250492380503616,17.250492380503616,,0.0,17.250492380503616
VX0012.RI,2024-05-24,17.970516683514834,0.0,17.970516683514834,17.970516683514834,,0.0,17.970516683514834
VX0012.RI,2024-05-27,17.224377000464614,0.0,17.224377000464614,17.224377000464614,,0.0,17.224377000464614
VX0012.RI,2024-05-28,17.483439921930593,0.0,17.483439921930593,17.483439921930593,,0.0,17.483439921930593
VX0012.RI,2024-05-29,17.376558737705146,0.0,17.376558737705146,17.376558737705146,,0.0,17.376558737705146
VX0012.RI,2024-05-30,17.233956134635676,0.0,17.233956134635676,17.233956134635676,,0.0,17.233956134635676
VX0012.RI,2024-05-31,16.817368779752805,0.0,16.817368779752805,16.817368779752805,,0.0,16.817368779752805
VX0012.RI,2024-06-03,17.149596991229267,0.0,17.149596991229267,17.149596991229267,,0.0,17.149596991229267
VX0012.RI,2024-06-04,16.52712380742743,0.0,16.52712380742743,16.52712380742743,,0.0,16.52712380742743
VX0012.RI,2024-06-05,16.357731344966293,0.0,16.357731344966293,16.357731344966293,,0.0,16.357731344966293
VX0012.RI,2024-06-06,17.27682616303673,0.0,17.27682616303673,17.27682616303673,,0.0,17.27682616303673
VX0012.RI,2024-06-07,17.560858620260426,0.0,17.560858620260426,17.560858620260426,,0.0,17.560858620260426
VX0012.RI,2024-06-11,18.152195019667495,0.0,18.152195019667495,18.152195019667495,,0.0,18.152195019667495
VX0012.RI,2024-06-12,17.76194785752616,0.0,17.76194785752616,17.76194785752616,,0.0,17.76194785752616
VX0012.RI,2024-06-13,16.524625623264292,0.0,16.524625623264292,16.524625623264292,,0.0,16.524625623264292
VX0012.RI,2024-06-14,16.305343706291637,0.0,16.305343706291637,16.305343706291637,,0.0,16.305343706291637
VX0012.RI,2024-06-17,16.050195427443164,0.0,16.050195427443164,16.050195427443164,,0.0,16.050195427443164
VX0012.RI,2024-06-18,15.599986544339457,0.0,15.599986544339457,15.599986544339457,,0.0,15.599986544339457
VX0012.RI,2024-06-19,15.980871762297802,0.0,15.980871762297802,15.980871762297802,,0.0,15.980871762297802
VX0012.RI,2024-06-20,17.019095012056752,0.0,17.019095012056752,17.019095012056752,,0.0,17.019095012056752
VX0012.RI,2024-06-21,16.410984145158697,0.0,16.410984145158697,16.410984145158697,,0.0,16.410984145158697
VX0012.RI,2024-06-24,18.15741786461907,0.0,18.15741786461907,18.15741786461907,,0.0,18.15741786461907
VX0012.RI,2024-06-25,19.90167589806581,0.0,19.90167589806581,19.90167589806581,,0.0,19.90167589806581
VX0012.RI,2024-06-26,18.98628203246984,0.0,18.98628203246984,18.98628203246984,,0.0,18.98628203246984
VX0012.RI,2024-06-27,17.310707000308877,0.0,17.310707000308877,17.310707000308877,,0.0,17.310707000308877
VX0012.RI,2024-06-28,17.244939302123107,0.0,17.244939302123107,17.244939302123107,,0.0,17.244939302123107
VX0012.RI,2024-07-01,17.334110061236956,0.0,17.334110061236956,17.334110061236956,,0.0,17.334110061236956
VX0012.RI,2024-07-02,17.16386339993274,0.0,17.16386339993274,17.16386339993274,,0.0,17.16386339993274
VX0012.RI,2024-07-03,16.646302918667544,0.0,16.646302918667544,16.646302918667544,,0.0,16.646302918667544
VX0012.RI,2024-07-04,16.594953947689195,0.0,16.594953947689195,16.594953947689195,,0.0,16.594953947689195
VX0012.RI,2024-07-05,16.51216065237082,0.0,16.51216065237082,16.51216065237082,,0.0,16.51216065237082
VX0012.RI,2024-07-08,17.05826781738976,0.0,17.05826781738976,17.05826781738976,,0.0,17.05826781738976
VX0012.RI,2024-07-09,17.4297859505298,0.0,17.4297859505298,17.4297859505298,,0.0,17.4297859505298
VX0012.RI,2024-07-10,16.959208060054888,0.0,16.959208060054888,16.959208060054888,,0.0,16.959208060054888
VX0012.RI,2024-07-11,16.903980725499594,0.0,16.903980725499594,16.903980725499594,,0.0,16.903980725499594
VX0012.RI,2024-07-12,16.52592539177426,0.0,16.52592539177426,16.52592539177426,,0.0,16.52592539177426
VX0012.RI,2024-07-15,16.79419788784786,0.0,16.79419788784786,16.79419788784786,,0.0,16.79419788784786
VX0012.RI,2024-07-16,16.268708892586012,0.0,16.268708892586012,16.268708892586012,,0.0,16.268708892586012
VX0012.RI,2024-07-17,16.338973533471687,0.0,16.338973533471687,16.338973533471687,,0.0,16.338973533471687
VX0012.RI,2024-07-18,16.701443101047893,0.0,16.701443101047893,16.701443101047893,,0.0,16.701443101047893
VX0012.RI,2024-07-19,16.323363189919565,0.0,16.323363189919565,16.323363189919565,,0.0,16.323363189919565
VX0012.RI,2024-07-22,16.738540794330326,0.0,16.738540794330326,16.738540794330326,,0.0,16.738540794330326
VX0012.RI,2024-07-23,16.786347655215554,0.0,16.786347655215554,16.786347655215554,,0.0,16.786347655215554
VX0012.RI,2024-07-24,17.94564354901649,0.0,17.94564354901649,17.94564354901649,,0.0,17.94564354901649
VX0012.RI,2024-07-25,18.788950533471585,0.0,18.788950533471585,18.788950533471585,,0.0,18.788950533471585
VX0012.RI,2024-07-26,17.797372552446394,0.0,17.797372552446394,17.797372552446394,,0.0,17.797372552446394
VX0012.RI,2024-07-29,18.431591505709235,0.0,18.431591505709235,18.431591505709235,,0.0,18.431591505709235
VX0012.RI,2024-07-30,19.094301441154283,0.0,19.094301441154283,19.094301441154283,,0.0,19.094301441154283
VX0012.RI,2024-07-31,19.108585429244446,0.0,19.108585429244446,19.108585429244446,,0.0,19.108585429244446
VX0012.RI,2024-08-01,19.125946426219517,0.0,19.125946426219517,19.125946426219517,,0.0,19.125946426219517
VX0012.RI,2024-08-02,19.70117100771039,0.0,19.70117100771039,19.70117100771039,,0.0,19.70117100771039
VX0012.RI,2024-08-05,23.115338971017163,0.0,23.115338971017163,23.115338971017163,,0.0,23.115338971017163
VX0012.RI,2024-08-06,21.679262814621552,0.0,21.679262814621552,21.679262814621552,,0.0,21.679262814621552
VX0012.RI,2024-08-07,20.510142671340237,0.0,20.510142671340237,20.510142671340237,,0.0,20.510142671340237
VX0012.RI,2024-08-08,19.726771143798295,0.0,19.726771143798295,19.726771143798295,,0.0,19.726771143798295
VX0012.RI,2024-08-09,19.267710591192348,0.0,19.267710591192348,19.267710591192348,,0.0,19.267710591192348
VX0012.RI,2024-08-12,19.032881806164436,0.0,19.032881806164436,19.032881806164436,,0.0,19.032881806164436
VX0012.RI,2024-08-13,18.705202608569863,0.0,18.705202608569863,18.705202608569863,,0.0,18.705202608569863
VX0012.RI,2024-08-14,18.76491307706589,0.0,18.76491307706589,18.76491307706589,,0.0,18.76491307706589
VX0012.RI,2024-08-15,18.57135181466553,0.0,18.57135181466553,18.57135181466553,,0.0,18.57135181466553
VX0012.RI,2024-08-16,17.882189576031283,0.0,17.882189576031283,17.882189576031283,,0.0,17.882189576031283
VX0012.RI,2024-08-19,17.781286304454337,0.0,17.781286304454337,17.781286304454337,,0.0,17.781286304454337
VX0012.RI,2024-08-20,17.8638133072143,0.0,17.8638133072143,17.8638133072143,,0.0,17.8638133072143
VX0012.RI,2024-08-21,17.62819898428215,0.0,17.62819898428215,17.62819898428215,,0.0,17.62819898428215
VX0012.RI,2024-08-22,17.616790799523528,0.0,17.616790799523528,17.616790799523528,,0.0,17.616790799523528
VX0012.RI,2024-08-23,17.531315713253125,0.0,17.531315713253125,17.531315713253125,,0.0,17.531315713253125
VX0012.RI,2024-08-26,17.88529109486965,0.0,17.88529109486965,17.88529109486965,,0.0,17.88529109486965
VX0012.RI,2024-08-27,17.758260273715837,0.0,17.758260273715837,17.758260273715837,,0.0,17.758260273715837
VX0012.RI,2024-08-28,17.713248985001623,0.0,17.713248985001623,17.713248985001623,,0.0,17.713248985001623
VX0012.RI,2024-08-29,17.19489995125026,0.0,17.19489995125026,17.19489995125026,,0.0,17.19489995125026
VX0012.RI,2024-08-30,16.834130715195652,0.0,16.834130715195652,16.834130715195652,,0.0,16.834130715195652
VX0012.RI,2024-09-02,17.61021697367603,0.0,17.61021697367603,17.61021697367603,,0.0,17.61021697367603
VX0012.RI,2024-09-03,17.047663812097838,0.0,17.047663812097838,17.047663812097838,,0.0,17.047663812097838
VX0012.RI,2024-09-04,17.46094807823205,0.0,17.46094807823205,17.46094807823205,,0.0,17.46094807823205
VX0012.RI,2024-09-05,17.182591162867045,0.0,17.182591162867045,17.182591162867045,,0.0,17.182591162867045
VX0012.RI,2024-09-06,16.9709651168479,0.0,16.9709651168479,16.9709651168479,,0.0,16.9709651168479
VX0012.RI,2024-09-09,17.763258530579083,0.0,17.763258530579083,17.763258530579083,,0.0,17.763258530579083
VX0012.RI,2024-09-10,18.356238940368996,0.0,18.356238940368996,18.356238940368996,,0.0,18.356238940368996
VX0012.RI,2024-09-11,18.118075040997233,0.0,18.118075040997233,18.118075040997233,,0.0,18.118075040997233
VX0012.RI,2024-09-12,17.81788831861887,0.0,17.81788831861887,17.81788831861887,,0.0,17.81788831861887
VX0012.RI,2024-09-13,17.011051178807897,0.0,17.011051178807897,17.011051178807897,,0.0,17.011051178807897
VX0012.RI,2024-09-18,17.311446410132557,0.0,17.311446410132557,17.311446410132557,,0.0,17.311446410132557
VX0012.RI,2024-09-19,17.949397512295082,0.0,17.949397512295082,17.949397512295082,,0.0,17.949397512295082
VX0012.RI,2024-09-20,18.31073610712291,0.0,18.31073610712291,18.31073610712291,,0.0,18.31073610712291
VX0012.RI,2024-09-23,17.288656771192006,0.0,17.288656771192006,17.288656771192006,,0.0,17.288656771192006
VX0012.RI,2024-09-24,18.249262053179706,0.0,18.249262053179706,18.249262053179706,,0.0,18.249262053179706
VX0012.RI,2024-09-25,21.3748134851195,0.0,21.3748134851195,21.3748134851195,,0.0,21.3748134851195
VX0012.RI,2024-09-26,23.788227657612993,0.0,23.788227657612993,23.788227657612993,,0.0,23.788227657612993
VX0012.RI,2024-09-27,28.036296138868277,0.0,28.036296138868277,28.036296138868277,,0.0,28.036296138868277
VX0012.RI,2024-09-30,18.699803746989783,0.0,18.699803746989783,18.699803746989783,,0.0,18.699803746989783
VX0012.RI,2024-10-08,52.39499899436104,0.0,52.39499899436104,52.39499899436104,,0.0,52.39499899436104
VX0012.RI,2024-10-09,52.684785444766405,0.0,52.684785444766405,52.684785444766405,,0.0,52.684785444766405
VX0012.RI,2024-10-10,42.913502684727064,0.0,42.913502684727064,42.913502684727064,,0.0,42.913502684727064
VX0012.RI,2024-10-11,42.830202256928175,0.0,42.830202256928175,42.830202256928175,,0.0,42.830202256928175
VX0012.RI,2024-10-14,38.08072592971287,0.0,38.08072592971287,38.08072592971287,,0.0,38.08072592971287
VX0012.RI,2024-10-15,31.078461737348828,0.0,31.078461737348828,31.078461737348828,,0.0,31.078461737348828
VX0012.RI,2024-10-16,32.7112550451431,0.0,32.7112550451431,32.7112550451431,,0.0,32.7112550451431
VX0012.RI,2024-10-17,32.37069403843855,0.0,32.37069403843855,32.37069403843855,,0.0,32.37069403843855
VX0012.RI,2024-10-18,48.921613769056755,0.0,48.921613769056755,48.921613769056755,,0.0,48.921613769056755
VX0012.RI,2024-10-21,31.75350383766781,0.0,31.75350383766781,31.75350383766781,,0.0,31.75350383766781
VX0012.RI,2024-10-22,38.03796680973412,0.0,38.03796680973412,38.03796680973412,,0.0,38.03796680973412
VX0012.RI,2024-10-23,37.07039245767097,0.0,37.07039245767097,37.07039245767097,,0.0,37.07039245767097
VX0012.RI,2024-10-24,34.018437503671116,0.0,34.018437503671116,34.018437503671116,,0.0,34.018437503671116
VX0012.RI,2024-10-25,35.684252481188,0.0,35.684252481188,35.684252481188,,0.0,35.684252481188
VX0012.RI,2024-10-28,22.478886741890967,0.0,22.478886741890967,22.478886741890967,,0.0,22.478886741890967
VX0012.RI,2024-10-29,22.543414773670246,0.0,22.543414773670246,22.543414773670246,,0.0,22.543414773670246
VX0012.RI,2024-10-30,25.481686632658295,0.0,25.481686632658295,25.481686632658295,,0.0,25.481686632658295
VX0012.RI,2024-10-31,38.371467044554144,0.0,38.371467044554144,38.371467044554144,,0.0,38.371467044554144
VX0012.RI,2024-11-01,38.559546991945204,0.0,38.559546991945204,38.559546991945204,,0.0,38.559546991945204
VX0012.RI,2024-11-04,36.91436805130223,0.0,36.91436805130223,36.91436805130223,,0.0,36.91436805130223
VX0012.RI,2024-11-05,40.48923078572672,0.0,40.48923078572672,40.48923078572672,,0.0,40.48923078572672
VX0012.RI,2024-11-06,33.1232644464209,0.0,33.1232644464209,33.1232644464209,,0.0,33.1232644464209
VX0012.RI,2024-11-07,38.91372582502404,0.0,38.91372582502404,38.91372582502404,,0.0,38.91372582502404
VX0012.RI,2024-11-08,31.550265385779813,0.0,31.550265385779813,31.550265385779813,,0.0,31.550265385779813
VX0012.RI,2024-11-11,33.15901598272465,0.0,33.15901598272465,33.15901598272465,,0.0,33.15901598272465
VX0012.RI,2024-11-12,32.77430840261489,0.0,32.77430840261489,32.77430840261489,,0.0,32.77430840261489
VX0012.RI,2024-11-13,30.597414971651876,0.0,30.597414971651876,30.597414971651876,,0.0,30.597414971651876
VX0012.RI,2024-11-14,30.9382873000342,0.0,30.9382873000342,30.9382873000342,,0.0,30.9382873000342
VX0012.RI,2024-11-15,31.110411679920645,0.0,31.110411679920645,31.110411679920645,,0.0,31.110411679920645
VX0012.RI,2024-11-18,32.2898466396767,0.0,32.2898466396767,32.2898466396767,,0.0,32.2898466396767
VX0012.RI,2024-11-19,33.58943721180515,0.0,33.58943721180515,33.58943721180515,,0.0,33.58943721180515
VX0012.RI,2024-11-20,31.73517125295211,0.0,31.73517125295211,31.73517125295211,,0.0,31.73517125295211
VX0012.RI,2024-11-21,29.515093672674347,0.0,29.515093672674347,29.515093672674347,,0.0,29.515093672674347
VX0012.RI,2024-11-22,30.928830051060796,0.0,30.928830051060796,30.928830051060796,,0.0,30.928830051060796
VX0012.RI,2024-11-25,31.153419699235513,0.0,31.153419699235513,31.153419699235513,,0.0,31.153419699235513
VX0012.RI,2024-11-26,31.141624951694773,0.0,31.141624951694773,31.141624951694773,,0.0,31.141624951694773
VX0012.RI,2024-11-27,32.62737918511707,0.0,32.62737918511707,32.62737918511707,,0.0,32.62737918511707
VX0012.RI,2024-11-28,28.939378965684554,0.0,28.939378965684554,28.939378965684554,,0.0,28.939378965684554
VX0012.RI,2024-11-29,22.50311702486696,0.0,22.50311702486696,22.50311702486696,,0.0,22.50311702486696
VX0012.RI,2024-12-02,28.348181297159673,0.0,28.348181297159673,28.348181297159673,,0.0,28.348181297159673
VX0012.RI,2024-12-03,29.08804771392775,0.0,29.08804771392775,29.08804771392775,,0.0,29.08804771392775
VX0012.RI,2024-12-04,29.215380605480174,0.0,29.215380605480174,29.215380605480174,,0.0,29.215380605480174
VX0012.RI,2024-12-05,28.435400695924567,0.0,28.435400695924567,28.435400695924567,,0.0,28.435400695924567
VX0012.RI,2024-12-06,27.560407997488923,0.0,27.560407997488923,27.560407997488923,,0.0,27.560407997488923
VX0012.RI,2024-12-09,27.46849206039067,0.0,27.46849206039067,27.46849206039067,,0.0,27.46849206039067
VX0012.RI,2024-12-10,27.95676917497325,0.0,27.95676917497325,27.95676917497325,,0.0,27.95676917497325
VX0012.RI,2024-12-11,27.21039065784183,0.0,27.21039065784183,27.21039065784183,,0.0,27.21039065784183
VX0012.RI,2024-12-12,27.34928759470395,0.0,27.34928759470395,27.34928759470395,,0.0,27.34928759470395
VX0012.RI,2024-12-13,26.105709165117585,0.0,26.105709165117585,26.105709165117585,,0.0,26.105709165117585
VX0012.RI,2024-12-16,24.50763382142891,0.0,24.50763382142891,24.50763382142891,,0.0,24.50763382142891
VX0012.RI,2024-12-17,25.750024156213126,0.0,25.750024156213126,25.750024156213126,,0.0,25.750024156213126
VX0012.RI,2024-12-18,25.06429579107094,0.0,25.06429579107094,25.06429579107094,,0.0,25.06429579107094
VX0012.RI,2024-12-19,25.54714893382294,0.0,25.54714893382294,25.54714893382294,,0.0,25.54714893382294
VX0012.RI,2024-12-20,24.82876830765196,0.0,24.82876830765196,24.82876830765196,,0.0,24.82876830765196
VX0012.RI,2024-12-23,24.94176723925991,0.0,24.94176723925991,24.94176723925991,,0.0,24.94176723925991
VX0012.RI,2024-12-24,24.304956671289972,0.0,24.304956671289972,24.304956671289972,,0.0,24.304956671289972
VX0012.RI,2024-12-25,23.800127105915216,0.0,23.800127105915216,23.800127105915216,,0.0,23.800127105915216
VX0012.RI,2024-12-26,22.07503275474614,0.0,22.07503275474614,22.07503275474614,,0.0,22.07503275474614
VX0012.RI,2024-12-27,21.085328657216927,0.0,21.085328657216927,21.085328657216927,,0.0,21.085328657216927
VX0012.RI,2024-12-30,21.104161045011786,0.0,21.104161045011786,21.104161045011786,,0.0,21.104161045011786
VX0012.RI,2024-12-31,21.740327181268267,0.0,21.740327181268267,21.740327181268267,,0.0,21.740327181268267
VX0012.RI,2025-01-02,23.327768922232256,0.0,23.327768922232256,23.327768922232256,,0.0,23.327768922232256
VX0012.RI,2025-01-03,23.969411666036887,0.0,23.969411666036887,23.969411666036887,,0.0,23.969411666036887
VX0012.RI,2025-01-06,26.05345566937009,0.0,26.05345566937009,26.05345566937009,,0.0,26.05345566937009
VX0012.RI,2025-01-07,23.113448226704513,0.0,23.113448226704513,23.113448226704513,,0.0,23.113448226704513
VX0012.RI,2025-01-08,22.32285789167934,0.0,22.32285789167934,22.32285789167934,,0.0,22.32285789167934
VX0012.RI,2025-01-09,22.312678108791182,0.0,22.312678108791182,22.312678108791182,,0.0,22.312678108791182
VX0012.RI,2025-01-10,21.696901997157493,0.0,21.696901997157493,21.696901997157493,,0.0,21.696901997157493
VX0012.RI,2025-01-13,23.390889192997737,0.0,23.390889192997737,23.390889192997737,,0.0,23.390889192997737
VX0012.RI,2025-01-14,24.37868484582403,0.0,24.37868484582403,24.37868484582403,,0.0,24.37868484582403
VX0012.RI,2025-01-15,24.20508580353308,0.0,24.20508580353308,24.20508580353308,,0.0,24.20508580353308
VX0012.RI,2025-01-16,24.630481988087674,0.0,24.630481988087674,24.630481988087674,,0.0,24.630481988087674
VX0012.RI,2025-01-17,24.790022723180318,0.0,24.790022723180318,24.790022723180318,,0.0,24.790022723180318
VX0012.RI,2025-01-20,24.87163241551499,0.0,24.87163241551499,24.87163241551499,,0.0,24.87163241551499
VX0012.RI,2025-01-21,23.53374963294562,0.0,23.53374963294562,23.53374963294562,,0.0,23.53374963294562
VX0012.RI,2025-01-22,23.800861929870212,0.0,23.800861929870212,23.800861929870212,,0.0,23.800861929870212
VX0012.RI,2025-01-23,23.296526506331016,0.0,23.296526506331016,23.296526506331016,,0.0,23.296526506331016
VX0012.RI,2025-01-24,22.488606635324736,0.0,22.488606635324736,22.488606635324736,,0.0,22.488606635324736
VX0012.RI,2025-01-27,21.4392777768652,0.0,21.4392777768652,21.4392777768652,,0.0,21.4392777768652
VX0012.RI,2025-02-05,22.386359331407196,0.0,22.386359331407196,22.386359331407196,,0.0,22.386359331407196
VX0012.RI,2025-02-06,22.234062977035865,0.0,22.234062977035865,22.234062977035865,,0.0,22.234062977035865
VX0012.RI,2025-02-07,22.716756565816134,0.0,22.716756565816134,22.716756565816134,,0.0,22.716756565816134
VX0012.RI,2025-02-10,24.84001440918774,0.0,24.84001440918774,24.84001440918774,,0.0,24.84001440918774
VX0012.RI,2025-02-11,24.08397910581917,0.0,24.08397910581917,24.08397910581917,,0.0,24.08397910581917
VX0012.RI,2025-02-12,19.80844967885238,0.0,19.80844967885238,19.80844967885238,,0.0,19.80844967885238
VX0012.RI,2025-02-13,22.94246206685724,0.0,22.94246206685724,22.94246206685724,,0.0,22.94246206685724
VX0012.RI,2025-02-14,21.118865590580384,0.0,21.118865590580384,21.118865590580384,,0.0,21.118865590580384
VX0012.RI,2025-02-17,18.428801342629708,0.0,18.428801342629708,18.428801342629708,,0.0,18.428801342629708
VX0012.RI,2025-02-18,22.2464745874442,0.0,22.2464745874442,22.2464745874442,,0.0,22.2464745874442
VX0012.RI,2025-02-19,20.45312171087573,0.0,20.45312171087573,20.45312171087573,,0.0,20.45312171087573
VX0012.RI,2025-02-20,20.582074046343386,0.0,20.582074046343386,20.582074046343386,,0.0,20.582074046343386
VX0012.RI,2025-02-21,21.534733968042648,0.0,21.534733968042648,21.534733968042648,,0.0,21.534733968042648
VX0012.RI,2025-02-24,20.952703238722478,0.0,20.952703238722478,20.952703238722478,,0.0,20.952703238722478
VX0012.RI,2025-02-25,22.280813284952064,0.0,22.280813284952064,22.280813284952064,,0.0,22.280813284952064
VX0012.RI,2025-02-26,21.541764171160747,0.0,21.541764171160747,21.541764171160747,,0.0,21.541764171160747
VX0012.RI,2025-02-27,21.738619393350547,0.0,21.738619393350547,21.738619393350547,,0.0,21.738619393350547
VX0012.RI,2025-02-28,22.612673191431348,0.0,22.612673191431348,22.612673191431348,,0.0,22.612673191431348
VX0012.RI,2025-03-03,21.30696415412037,0.0,21.30696415412037,21.30696415412037,,0.0,21.30696415412037
VX0012.RI,2025-03-04,20.553099008154682,0.0,20.553099008154682,20.553099008154682,,0.0,20.553099008154682
VX0012.RI,2025-03-05,19.633190731994798,0.0,19.633190731994798,19.633190731994798,,0.0,19.633190731994798
VX0012.RI,2025-03-06,20.12091061597041,0.0,20.12091061597041,20.12091061597041,,0.0,20.12091061597041
VX0012.RI,2025-03-07,19.041200344432127,0.0,19.041200344432127,19.041200344432127,,0.0,19.041200344432127
VX0012.RI,2025-03-10,18.597122190139853,0.0,18.597122190139853,18.597122190139853,,0.0,18.597122190139853
VX0012.RI,2025-03-11,18.66477234063591,0.0,18.66477234063591,18.66477234063591,,0.0,18.66477234063591
VX0012.RI,2025-03-12,18.58704228748862,0.0,18.58704228748862,18.58704228748862,,0.0,18.58704228748862
VX0012.RI,2025-03-13,18.85165893110024,0.0,18.85165893110024,18.85165893110024,,0.0,18.85165893110024
VX0012.RI,2025-03-14,20.5121889092332,0.0,20.5121889092332,20.5121889092332,,0.0,20.5121889092332
VX0012.RI,2025-03-17,20.640343111677797,0.0,20.640343111677797,20.640343111677797,,0.0,20.640343111677797
VX0012.RI,2025-03-18,20.577900984345348,0.0,20.577900984345348,20.577900984345348,,0.0,20.577900984345348
VX0012.RI,2025-03-19,20.480809221546007,0.0,20.480809221546007,20.480809221546007,,0.0,20.480809221546007
VX0012.RI,2025-03-20,19.803673983946723,0.0,19.803673983946723,19.803673983946723,,0.0,19.803673983946723
VX0012.RI,2025-03-21,19.22304770852725,0.0,19.22304770852725,19.22304770852725,,0.0,19.22304770852725
VX0012.RI,2025-03-24,19.049655649450848,0.0,19.049655649450848,19.049655649450848,,0.0,19.049655649450848
VX0012.RI,2025-03-25,18.354647093563543,0.0,18.354647093563543,18.354647093563543,,0.0,18.354647093563543
VX0012.RI,2025-03-26,17.79401129249411,0.0,17.79401129249411,17.79401129249411,,0.0,17.79401129249411
VX0012.RI,2025-03-27,16.815984846215603,0.0,16.815984846215603,16.815984846215603,,0.0,16.815984846215603
VX0012.RI,2025-03-28,17.020089522667895,0.0,17.020089522667895,17.020089522667895,,0.0,17.020089522667895
VX0012.RI,2025-03-31,17.995724727109323,0.0,17.995724727109323,17.995724727109323,,0.0,17.995724727109323
VX0012.RI,2025-04-01,17.580473498856136,0.0,17.580473498856136,17.580473498856136,,0.0,17.580473498856136
VX0012.RI,2025-04-02,17.437392448280963,0.0,17.437392448280963,17.437392448280963,,0.0,17.437392448280963
VX0012.RI,2025-04-03,17.556240550918275,0.0,17.556240550918275,17.556240550918275,,0.0,17.556240550918275
VX0012.RI,2025-04-07,20.033804182921084,0.0,20.033804182921084,20.033804182921084,,0.0,20.033804182921084
VX0012.RI,2025-04-08,30.656178032355708,0.0,30.656178032355708,30.656178032355708,,0.0,30.656178032355708
VX0012.RI,2025-04-09,30.024727546264046,0.0,30.024727546264046,30.024727546264046,,0.0,30.024727546264046
VX0012.RI,2025-04-10,26.160843297273274,0.0,26.160843297273274,26.160843297273274,,0.0,26.160843297273274
VX0012.RI,2025-04-11,25.03417724778632,0.0,25.03417724778632,25.03417724778632,,0.0,25.03417724778632
VX0012.RI,2025-04-14,22.785070315366863,0.0,22.785070315366863,22.785070315366863,,0.0,22.785070315366863
VX0012.RI,2025-04-15,21.12998134585278,0.0,21.12998134585278,21.12998134585278,,0.0,21.12998134585278
VX0012.RI,2025-04-16,21.361851952207505,0.0,21.361851952207505,21.361851952207505,,0.0,21.361851952207505
VX0012.RI,2025-04-17,21.37871648040083,0.0,21.37871648040083,21.37871648040083,,0.0,21.37871648040083
VX0012.RI,2025-04-18,21.011768449926155,0.0,21.011768449926155,21.011768449926155,,0.0,21.011768449926155
VX0012.RI,2025-04-21,20.65549618853933,0.0,20.65549618853933,20.65549618853933,,0.0,20.65549618853933
VX0012.RI,2025-04-22,20.65253812013319,0.0,20.65253812013319,20.65253812013319,,0.0,20.65253812013319
VX0012.RI,2025-04-23,20.58694706936751,0.0,20.58694706936751,20.58694706936751,,0.0,20.58694706936751
VX0012.RI,2025-04-24,19.748614727495866,0.0,19.748614727495866,19.748614727495866,,0.0,19.748614727495866
VX0012.RI,2025-04-25,19.6022369849413,0.0,19.6022369849413,19.6022369849413,,0.0,19.6022369849413
VX0012.RI,2025-04-28,20.109854880315268,0.0,20.109854880315268,20.109854880315268,,0.0,20.109854880315268
VX0012.RI,2025-04-29,20.15177982645048,0.0,20.15177982645048,20.15177982645048,,0.0,20.15177982645048
VX0012.RI,2025-04-30,20.95574199033467,0.0,20.95574199033467,20.95574199033467,,0.0,20.95574199033467
VX0012.RI,2025-05-06,18.755239048653458,0.0,18.755239048653458,18.755239048653458,,0.0,18.755239048653458
VX0012.RI,2025-05-07,18.338659447050443,0.0,18.338659447050443,18.338659447050443,,0.0,18.338659447050443
VX0012.RI,2025-05-08,18.41632559066751,0.0,18.41632559066751,18.41632559066751,,0.0,18.41632559066751
VX0012.RI,2025-05-09,18.5664337899809,0.0,18.5664337899809,18.5664337899809,,0.0,18.5664337899809
VX0012.RI,2025-05-12,18.66251556764285,0.0,18.66251556764285,18.66251556764285,,0.0,18.66251556764285
VX0012.RI,2025-05-13,18.48887534794248,0.0,18.48887534794248,18.48887534794248,,0.0,18.48887534794248
VX0012.RI,2025-05-14,19.482271951391454,0.0,19.482271951391454,19.482271951391454,,0.0,19.482271951391454
VX0012.RI,2025-05-15,19.56227757801598,0.0,19.56227757801598,19.56227757801598,,0.0,19.56227757801598
VX0012.RI,2025-05-16,18.633220767059854,0.0,18.633220767059854,18.633220767059854,,0.0,18.633220767059854
VX0012.RI,2025-05-19,17.419672612053272,0.0,17.419672612053272,17.419672612053272,,0.0,17.419672612053272
VX0012.RI,2025-05-20,17.131017315879433,0.0,17.131017315879433,17.131017315879433,,0.0,17.131017315879433
VX0012.RI,2025-05-21,17.503401178703157,0.0,17.503401178703157,17.503401178703157,,0.0,17.503401178703157
VX0012.RI,2025-05-22,17.92123756765271,0.0,17.92123756765271,17.92123756765271,,0.0,17.92123756765271
VX0012.RI,2025-05-23,18.624652814302358,0.0,18.624652814302358,18.624652814302358,,0.0,18.624652814302358
VX0012.RI,2025-05-26,18.599467835698544,0.0,18.599467835698544,18.599467835698544,,0.0,18.599467835698544
VX0012.RI,2025-05-27,18.324478367265993,0.0,18.324478367265993,18.324478367265993,,0.0,18.324478367265993
VX0012.RI,2025-05-28,18.47474963888143,0.0,18.47474963888143,18.47474963888143,,0.0,18.47474963888143
VX0012.RI,2025-05-29,17.67952825382014,0.0,17.67952825382014,17.67952825382014,,0.0,17.67952825382014
VX0012.RI,2025-05-30,17.719750823235046,0.0,17.719750823235046,17.719750823235046,,0.0,17.719750823235046
VX0012.RI,2025-06-03,16.891645613914992,0.0,16.891645613914992,16.891645613914992,,0.0,16.891645613914992
VX0012.RI,2025-06-04,16.85005868803271,0.0,16.85005868803271,16.85005868803271,,0.0,16.85005868803271
VX0012.RI,2025-06-05,17.003691054299626,0.0,17.003691054299626,17.003691054299626,,0.0,17.003691054299626
VX0012.RI,2025-06-06,16.80665295527796,0.0,16.80665295527796,16.80665295527796,,0.0,16.80665295527796
VX0012.RI,2025-06-09,16.782178822883036,0.0,16.782178822883036,16.782178822883036,,0.0,16.782178822883036
VX0012.RI,2025-06-10,17.264708610013777,0.0,17.264708610013777,17.264708610013777,,0.0,17.264708610013777
VX0012.RI,2025-06-11,17.294881286372682,0.0,17.294881286372682,17.294881286372682,,0.0,17.294881286372682
VX0012.RI,2025-06-12,17.62777601179787,0.0,17.62777601179787,17.62777601179787,,0.0,17.62777601179787
VX0012.RI,2025-06-13,18.281930694029185,0.0,18.281930694029185,18.281930694029185,,0.0,18.281930694029185
VX0012.RI,2025-06-16,17.730469271580493,0.0,17.730469271580493,17.730469271580493,,0.0,17.730469271580493
VX0012.RI,2025-06-17,17.233909685538286,0.0,17.233909685538286,17.233909685538286,,0.0,17.233909685538286
VX0012.RI,2025-06-18,17.69360192555551,0.0,17.69360192555551,17.69360192555551,,0.0,17.69360192555551
VX0012.RI,2025-06-19,17.468636528421623,0.0,17.468636528421623,17.468636528421623,,0.0,17.468636528421623
VX0012.RI,2025-06-20,16.601325172468382,0.0,16.601325172468382,16.601325172468382,,0.0,16.601325172468382
VX0012.RI,2025-06-23,15.996746252337429,0.0,15.996746252337429,15.996746252337429,,0.0,15.996746252337429
VX0012.RI,2025-06-24,16.653768113595156,0.0,16.653768113595156,16.653768113595156,,0.0,16.653768113595156
VX0012.RI,2025-06-25,20.25625563706058,0.0,20.25625563706058,20.25625563706058,,0.0,20.25625563706058
VX0012.RI,2025-06-26,17.67759716108066,0.0,17.67759716108066,17.67759716108066,,0.0,17.67759716108066
VX0012.RI,2025-06-27,17.177283895371446,0.0,17.177283895371446,17.177283895371446,,0.0,17.177283895371446
VX0012.RI,2025-06-30,16.904696741261,0.0,16.904696741261,16.904696741261,,0.0,16.904696741261
VX0012.RI,2025-07-01,16.404992759708527,0.0,16.404992759708527,16.404992759708527,,0.0,16.404992759708527
VX0012.RI,2025-07-02,16.042181332198872,0.0,16.042181332198872,16.042181332198872,,0.0,16.042181332198872
VX0012.RI,2025-07-03,16.146519614488067,0.0,16.146519614488067,16.146519614488067,,0.0,16.146519614488067
VX0012.RI,2025-07-04,16.49741362987647,0.0,16.49741362987647,16.49741362987647,,0.0,16.49741362987647
VX0012.RI,2025-07-07,17.024976494234306,0.0,17.024976494234306,17.024976494234306,,0.0,17.024976494234306
VX0012.RI,2025-07-08,17.710033913960963,0.0,17.710033913960963,17.710033913960963,,0.0,17.710033913960963
VX0012.RI,2025-07-09,18.320912746153656,0.0,18.320912746153656,18.320912746153656,,0.0,18.320912746153656
VX0012.RI,2025-07-10,18.41072646546235,0.0,18.41072646546235,18.41072646546235,,0.0,18.41072646546235
VX0012.RI,2025-07-11,18.83793960616656,0.0,18.83793960616656,18.83793960616656,,0.0,18.83793960616656
VX0012.RI,2025-07-14,19.080733447447958,0.0,19.080733447447958,19.080733447447958,,0.0,19.080733447447958
VX0012.RI,2025-07-15,18.225870467786322,0.0,18.225870467786322,18.225870467786322,,0.0,18.225870467786322
VX0012.RI,2025-07-16,17.769256510929228,0.0,17.769256510929228,17.769256510929228,,0.0,17.769256510929228
VX0012.RI,2025-07-17,18.030498667878174,0.0,18.030498667878174,18.030498667878174,,0.0,18.030498667878174
VX0012.RI,2025-07-18,18.0570311470163,0.0,18.0570311470163,18.0570311470163,,0.0,18.0570311470163
VX0012.RI,2025-07-21,19.07118611345391,0.0,19.07118611345391,19.07118611345391,,0.0,19.07118611345391
VX0012.RI,2025-07-22,20.106491838111445,0.0,20.106491838111445,20.106491838111445,,0.0,20.106491838111445
VX0012.RI,2025-07-23,21.816998993614728,0.0,21.816998993614728,21.816998993614728,,0.0,21.816998993614728
VX0012.RI,2025-07-24,21.040775395454343,0.0,21.040775395454343,21.040775395454343,,0.0,21.040775395454343
VX0012.RI,2025-07-25,21.089738745360076,0.0,21.089738745360076,21.089738745360076,,0.0,21.089738745360076
VX0012.RI,2025-07-28,21.188782469265384,0.0,21.188782469265384,21.188782469265384,,0.0,21.188782469265384
VX0012.RI,2025-07-29,21.42968702484372,0.0,21.42968702484372,21.42968702484372,,0.0,21.42968702484372
VX0012.RI,2025-07-30,20.966374882168772,0.0,20.966374882168772,20.966374882168772,,0.0,20.966374882168772
VX0012.RI,2025-07-31,20.5200148702751,0.0,20.5200148702751,20.5200148702751,,0.0,20.5200148702751
VX0012.RI,2025-08-01,19.20360179411648,0.0,19.20360179411648,19.20360179411648,,0.0,19.20360179411648
VX0012.RI,2025-08-04,19.173804287965424,0.0,19.173804287965424,19.173804287965424,,0.0,19.173804287965424
VX0012.RI,2025-08-05,18.87227557692885,0.0,18.87227557692885,18.87227557692885,,0.0,18.87227557692885
VX0012.RI,2025-08-06,19.05729657681866,0.0,19.05729657681866,19.05729657681866,,0.0,19.05729657681866
VX0012.RI,2025-08-07,19.444109549700382,0.0,19.444109549700382,19.444109549700382,,0.0,19.444109549700382
VX0012.RI,2025-08-08,18.938967080375576,0.0,18.938967080375576,18.938967080375576,,0.0,18.938967080375576
VX0012.RI,2025-08-11,19.475377831286313,0.0,19.475377831286313,19.475377831286313,,0.0,19.475377831286313
VX0012.RI,2025-08-12,19.427656836516917,0.0,19.427656836516917,19.427656836516917,,0.0,19.427656836516917
VX0012.RI,2025-08-13,21.403112849037676,0.0,21.403112849037676,21.403112849037676,,0.0,21.403112849037676
VX0012.RI,2025-08-14,21.840562759161188,0.0,21.840562759161188,21.840562759161188,,0.0,21.840562759161188
VX0012.RI,2025-08-15,23.26007288558148,0.0,23.26007288558148,23.26007288558148,,0.0,23.26007288558148
VX0012.RI,2025-08-18,26.31231230352014,0.0,26.31231230352014,26.31231230352014,,0.0,26.31231230352014
VX0012.RI,2025-08-19,24.876200399335293,0.0,24.876200399335293,24.876200399335293,,0.0,24.876200399335293
VX0012.RI,2025-08-20,25.855247826722238,0.0,25.855247826722238,25.855247826722238,,0.0,25.855247826722238
VX0012.RI,2025-08-21,25.072347385291,0.0,25.072347385291,25.072347385291,,0.0,25.072347385291
VX0012.RI,2025-08-22,25.13700084208626,0.0,25.13700084208626,25.13700084208626,,0.0,25.13700084208626
VX0012.RI,2025-08-25,28.911626124796523,0.0,28.911626124796523,28.911626124796523,,0.0,28.911626124796523
VX0012.RI,2025-08-26,30.217873653924844,0.0,30.217873653924844,30.217873653924844,,0.0,30.217873653924844
VX0012.RI,2025-08-27,28.28385174420096,0.0,28.28385174420096,28.28385174420096,,0.0,28.28385174420096
VX0012.RI,2025-08-28,29.400560651235008,0.0,29.400560651235008,29.400560651235008,,0.0,29.400560651235008
VX0012.RI,2025-08-29,30.155566119328704,0.0,30.155566119328704,30.155566119328704,,0.0,30.155566119328704
VX0012.RI,2025-09-01,28.357756892988366,0.0,28.357756892988366,28.357756892988366,,0.0,28.357756892988366
VX0012.RI,2025-09-02,27.32777370731298,0.0,27.32777370731298,27.32777370731298,,0.0,27.32777370731298
VX0012.RI,2025-09-03,27.382899303947394,0.0,27.382899303947394,27.382899303947394,,0.0,27.382899303947394
VX0012.RI,2025-09-04,28.232101350365895,0.0,28.232101350365895,28.232101350365895,,0.0,28.232101350365895
VX0012.RI,2025-09-05,28.107591810962468,0.0,28.107591810962468,28.107591810962468,,0.0,28.107591810962468
VX0012.RI,2025-09-08,26.9663572562293,0.0,26.9663572562293,26.9663572562293,,0.0,26.9663572562293
VX0012.RI,2025-09-09,24.3584092368722,0.0,24.3584092368722,24.3584092368722,,0.0,24.3584092368722
VX0012.RI,2025-09-10,24.056063018245474,0.0,24.056063018245474,24.056063018245474,,0.0,24.056063018245474
VX0012.RI,2025-09-11,25.298255943846893,0.0,25.298255943846893,25.298255943846893,,0.0,25.298255943846893
VX0012.RI,2025-09-12,25.12247161086375,0.0,25.12247161086375,25.12247161086375,,0.0,25.12247161086375
VX0012.RI,2025-09-15,26.54038882373198,0.0,26.54038882373198,26.54038882373198,,0.0,26.54038882373198
VX0012.RI,2025-09-16,26.984795045427695,0.0,26.984795045427695,26.984795045427695,,0.0,26.984795045427695
VX0012.RI,2025-09-17,27.942836579074857,0.0,27.942836579074857,27.942836579074857,,0.0,27.942836579074857
VX0012.RI,2025-09-18,27.02345435247891,0.0,27.02345435247891,27.02345435247891,,0.0,27.02345435247891
VX0012.RI,2025-09-19,26.056761263868385,0.0,26.056761263868385,26.056761263868385,,0.0,26.056761263868385
VX0012.RI,2025-09-22,26.995366832892824,0.0,26.995366832892824,26.995366832892824,,0.0,26.995366832892824
VX0012.RI,2025-09-23,27.17890550872021,0.0,27.17890550872021,27.17890550872021,,0.0,27.17890550872021
VX0012.RI,2025-09-24,26.272537242173165,0.0,26.272537242173165,26.272537242173165,,0.0,26.272537242173165
VX0012.RI,2025-09-25,24.795404894095338,0.0,24.795404894095338,24.795404894095338,,0.0,24.795404894095338
VX0012.RI,2025-09-26,26.993364100125874,0.0,26.993364100125874,26.993364100125874,,0.0,26.993364100125874
VX0012.RI,2025-09-29,26.993432320363137,0.0,26.993432320363137,26.993432320363137,,0.0,26.993432320363137
VX0012.RI,2025-09-30,26.29014529865709,0.0,26.29014529865709,26.29014529865709,,0.0,26.29014529865709
VX0012.RI,2025-10-09,24.16478727061293,0.0,24.16478727061293,24.16478727061293,,0.0,24.16478727061293
VX0012.RI,2025-10-10,25.5168842661319,0.0,25.5168842661319,25.5168842661319,,0.0,25.5168842661319
VX0012.RI,2025-10-13,28.218119103262314,0.0,28.218119103262314,28.218119103262314,,0.0,28.218119103262314
VX0012.RI,2025-10-14,28.511937624888372,0.0,28.511937624888372,28.511937624888372,,0.0,28.511937624888372
VX0012.RI,2025-10-15,27.212096193020095,0.0,27.212096193020095,27.212096193020095,,0.0,27.212096193020095
VX0012.RI,2025-10-16,26.788467229228726,0.0,26.788467229228726,26.788467229228726,,0.0,26.788467229228726
VX0012.RI,2025-10-17,28.12698932475636,0.0,28.12698932475636,28.12698932475636,,0.0,28.12698932475636
VX0012.RI,2025-10-20,27.43013673997029,0.0,27.43013673997029,27.43013673997029,,0.0,27.43013673997029
VX0012.RI,2025-10-21,25.772055662621913,0.0,25.772055662621913,25.772055662621913,,0.0,25.772055662621913
VX0012.RI,2025-10-22,25.25056586552905,0.0,25.25056586552905,25.25056586552905,,0.0,25.25056586552905
VX0012.RI,2025-10-23,25.123605954493573,0.0,25.123605954493573,25.123605954493573,,0.0,25.123605954493573
VX0012.RI,2025-10-24,24.32164039986463,0.0,24.32164039986463,24.32164039986463,,0.0,24.32164039986463
VX0012.RI,2025-10-27,24.811037534595105,0.0,24.811037534595105,24.811037534595105,,0.0,24.811037534595105
VX0012.RI,2025-10-28,24.55542813733333,0.0,24.55542813733333,24.55542813733333,,0.0,24.55542813733333
VX0012.RI,2025-10-29,24.887047117130884,0.0,24.887047117130884,24.887047117130884,,0.0,24.887047117130884
VX0012.RI,2025-10-30,24.409984557323707,0.0,24.409984557323707,24.409984557323707,,0.0,24.409984557323707
VX0012.RI,2025-10-31,22.201690075419727,0.0,22.201690075419727,22.201690075419727,,0.0,22.201690075419727
VX0012.RI,2025-11-03,23.910220787027328,0.0,23.910220787027328,23.910220787027328,,0.0,23.910220787027328
VX0012.RI,2025-11-04,24.329386680769403,0.0,24.329386680769403,24.329386680769403,,0.0,24.329386680769403
VX0012.RI,2025-11-05,24.777197134110253,0.0,24.777197134110253,24.777197134110253,,0.0,24.777197134110253
VX0012.RI,2025-11-06,23.724758981132222,0.0,23.724758981132222,23.724758981132222,,0.0,23.724758981132222
VX0012.RI,2025-11-07,23.679966233062203,0.0,23.679966233062203,23.679966233062203,,0.0,23.679966233062203
VX0012.RI,2025-11-10,24.44629251473442,0.0,24.44629251473442,24.44629251473442,,0.0,24.44629251473442
VX0012.RI,2025-11-11,24.963828774453884,0.0,24.963828774453884,24.963828774453884,,0.0,24.963828774453884
VX0012.RI,2025-11-12,24.693532780207942,0.0,24.693532780207942,24.693532780207942,,0.0,24.693532780207942
VX0012.RI,2025-11-13,24.013026436837826,0.0,24.013026436837826,24.013026436837826,,0.0,24.013026436837826
VX0012.RI,2025-11-14,24.21777992350159,0.0,24.21777992350159,24.21777992350159,,0.0,24.21777992350159
VX0012.RI,2025-11-17,23.71917437215666,0.0,23.71917437215666,23.71917437215666,,0.0,23.71917437215666
VX0012.RI,2025-11-18,24.360849862271262,0.0,24.360849862271262,24.360849862271262,,0.0,24.360849862271262
VX0012.RI,2025-11-19,16.060594283945957,0.0,16.060594283945957,16.060594283945957,,0.0,16.060594283945957
VX0012.RI,2025-11-20,22.867933585292427,0.0,22.867933585292427,22.867933585292427,,0.0,22.867933585292427
VX0012.RI,2025-11-21,23.511036739210518,0.0,23.511036739210518,23.511036739210518,,0.0,23.511036739210518
VX0012.RI,2025-11-24,22.640345744768943,0.0,22.640345744768943,22.640345744768943,,0.0,22.640345744768943
VX0012.RI,2025-11-25,21.18016890995666,0.0,21.18016890995666,21.18016890995666,,0.0,21.18016890995666
VX0012.RI,2025-11-26,21.04252868159728,0.0,21.04252868159728,21.04252868159728,,0.0,21.04252868159728
VX0012.RI,2025-11-27,20.52096509654975,0.0,20.52096509654975,20.52096509654975,,0.0,20.52096509654975
VX0012.RI,2025-11-28,19.637880929866984,0.0,19.637880929866984,19.637880929866984,,0.0,19.637880929866984
VX0012.RI,2025-12-01,20.309564169670654,0.0,20.309564169670654,20.309564169670654,,0.0,20.309564169670654
VX0012.RI,2025-12-02,20.2234432474364,0.0,20.2234432474364,20.2234432474364,,0.0,20.2234432474364
VX0012.RI,2025-12-03,19.74347206549882,0.0,19.74347206549882,19.74347206549882,,0.0,19.74347206549882
VX0012.RI,2025-12-04,19.599340420768886,0.0,19.599340420768886,19.599340420768886,,0.0,19.599340420768886
VX0012.RI,2025-12-05,19.21028555058261,0.0,19.21028555058261,19.21028555058261,,0.0,19.21028555058261
VX0012.RI,2025-12-08,19.7724632673244,0.0,19.7724632673244,19.7724632673244,,0.0,19.7724632673244
VX0012.RI,2025-12-09,19.703489044259456,0.0,19.703489044259456,19.703489044259456,,0.0,19.703489044259456
VX0012.RI,2025-12-10,19.913871403348043,0.0,19.913871403348043,19.913871403348043,,0.0,19.913871403348043
VX0012.RI,2025-12-11,20.089842481380387,0.0,20.089842481380387,20.089842481380387,,0.0,20.089842481380387
VX0012.RI,2025-12-12,19.59152065436117,0.0,19.59152065436117,19.59152065436117,,0.0,19.59152065436117
VX0012.RI,2025-12-15,20.18938233251458,0.0,20.18938233251458,20.18938233251458,,0.0,20.18938233251458
VX0012.RI,2025-12-16,20.89085590698154,0.0,20.89085590698154,20.89085590698154,,0.0,20.89085590698154
VX0012.RI,2025-12-17,20.37374805317343,0.0,20.37374805317343,20.37374805317343,,0.0,20.37374805317343
VX0012.RI,2025-12-18,20.96962122993421,0.0,20.96962122993421,20.96962122993421,,0.0,20.96962122993421
VX0012.RI,2025-12-19,20.253136511466334,0.0,20.253136511466334,20.253136511466334,,0.0,20.253136511466334
VX0012.RI,2025-12-22,19.371954934868068,0.0,19.371954934868068,19.371954934868068,,0.0,19.371954934868068
VX0012.RI,2025-12-23,17.847634292020643,0.0,17.847634292020643,17.847634292020643,,0.0,17.847634292020643
VX0012.RI,2025-12-24,20.026075053584012,0.0,20.026075053584012,20.026075053584012,,0.0,20.026075053584012
VX0012.RI,2025-12-25,19.284793420570885,0.0,19.284793420570885,19.284793420570885,,0.0,19.284793420570885
VX0012.RI,2025-12-26,19.978607104967093,0.0,19.978607104967093,19.978607104967093,,0.0,19.978607104967093
VX0012.RI,2025-12-29,20.54079506831207,0.0,20.54079506831207,20.54079506831207,,0.0,20.54079506831207
VX0012.RI,2025-12-30,20.442763014364584,0.0,20.442763014364584,20.442763014364584,,0.0,20.442763014364584
VX0012.RI,2025-12-31,20.36394653938031,0.0,20.36394653938031,20.36394653938031,,0.0,20.36394653938031
VX0012.RI,2026-01-05,19.95846759534491,0.0,19.95846759534491,19.95846759534491,,0.0,19.95846759534491
VX0012.RI,2026-01-06,20.72134662900904,0.0,20.72134662900904,20.72134662900904,,0.0,20.72134662900904
VX0012.RI,2026-01-07,21.261837722442767,0.0,21.261837722442767,21.261837722442767,,0.0,21.261837722442767
VX0012.RI,2026-01-08,21.548648945385622,0.0,21.548648945385622,21.548648945385622,,0.0,21.548648945385622
VX0012.RI,2026-01-09,21.716555424199445,0.0,21.716555424199445,21.716555424199445,,0.0,21.716555424199445
VX0012.RI,2026-01-12,24.74081195246424,0.0,24.74081195246424,24.74081195246424,,0.0,24.74081195246424
VX0012.RI,2026-01-13,24.139001259312522,0.0,24.139001259312522,24.139001259312522,,0.0,24.139001259312522
VX0012.RI,2026-01-14,23.06863176925807,0.0,23.06863176925807,23.06863176925807,,0.0,23.06863176925807
VX0012.RI,2026-01-15,22.128194959019567,0.0,22.128194959019567,22.128194959019567,,0.0,22.128194959019567
VX0012.RI,2026-01-16,21.623640969172794,0.0,21.623640969172794,21.623640969172794,,0.0,21.623640969172794
VX0012.RI,2026-01-19,20.54646196637626,0.0,20.54646196637626,20.54646196637626,,0.0,20.54646196637626
VX0012.RI,2026-01-20,19.661459885012242,0.0,19.661459885012242,19.661459885012242,,0.0,19.661459885012242
VX0012.RI,2026-01-21,19.72288335291405,0.0,19.72288335291405,19.72288335291405,,0.0,19.72288335291405
VX0012.RI,2026-01-22,19.74417972955871,0.0,19.74417972955871,19.74417972955871,,0.0,19.74417972955871
VX0012.RI,2026-01-23,20.768654424143513,0.0,20.768654424143513,20.768654424143513,,0.0,20.768654424143513
VX0012.RI,2026-01-26,22.56911042749651,0.0,22.56911042749651,22.56911042749651,,0.0,22.56911042749651
VX0012.RI,2026-01-27,21.396866754015427,0.0,21.396866754015427,21.396866754015427,,0.0,21.396866754015427
VX0012.RI,2026-01-28,21.734692788769358,0.0,21.734692788769358,21.734692788769358,,0.0,21.734692788769358
VX0012.RI,2026-01-29,22.49794783633953,0.0,22.49794783633953,22.49794783633953,,0.0,22.49794783633953
VX0012.RI,2026-01-30,22.970077687154934,0.0,22.970077687154934,22.970077687154934,,0.0,22.970077687154934
VX0012.RI,2026-02-02,26.92289064759132,0.0,26.92289064759132,26.92289064759132,,0.0,26.92289064759132
VX0012.RI,2026-02-03,23.73658009570629,0.0,23.73658009570629,23.73658009570629,,0.0,23.73658009570629
VX0012.RI,2026-02-04,22.278684651946044,0.0,22.278684651946044,22.278684651946044,,0.0,22.278684651946044
VX0012.RI,2026-02-05,22.422136260355874,0.0,22.422136260355874,22.422136260355874,,0.0,22.422136260355874
VX0012.RI,2026-02-06,22.432216116478145,0.0,22.432216116478145,22.432216116478145,,0.0,22.432216116478145
VX0012.RI,2026-02-09,22.273768154931414,0.0,22.273768154931414,22.273768154931414,,0.0,22.273768154931414
VX0012.RI,2026-02-10,16.01150970955858,0.0,16.01150970955858,16.01150970955858,,0.0,16.01150970955858
VX0012.RI,2026-02-11,20.85884331889298,0.0,20.85884331889298,20.85884331889298,,0.0,20.85884331889298
VX0012.RI,2026-02-12,21.04662020009191,0.0,21.04662020009191,21.04662020009191,,0.0,21.04662020009191
VX0012.RI,2026-02-13,21.182377200471663,0.0,21.182377200471663,21.182377200471663,,0.0,21.182377200471663
VX0012.RI,2026-02-24,20.51786971188713,0.0,20.51786971188713,20.51786971188713,,0.0,20.51786971188713
VX0012.RI,2026-02-25,19.802422680624613,0.0,19.802422680624613,19.802422680624613,,0.0,19.802422680624613
VX0012.RI,2026-02-26,18.90349381445446,0.0,18.90349381445446,18.90349381445446,,0.0,18.90349381445446
VX0012.RI,2026-02-27,18.3478835921502,0.0,18.3478835921502,18.3478835921502,,0.0,18.3478835921502
VX0012.RI,2026-03-02,19.18722739890743,0.0,19.18722739890743,19.18722739890743,,0.0,19.18722739890743
VX0012.RI,2026-03-03,21.42865220383753,0.0,21.42865220383753,21.42865220383753,,0.0,21.42865220383753
VX0012.RI,2026-03-04,22.620028048226022,0.0,22.620028048226022,22.620028048226022,,0.0,22.620028048226022
VX0012.RI,2026-03-05,20.523651925022996,0.0,20.523651925022996,20.523651925022996,,0.0,20.523651925022996
VX0012.RI,2026-03-06,19.6777281818248,0.0,19.6777281818248,19.6777281818248,,0.0,19.6777281818248
VX0012.RI,2026-03-09,21.85563845426545,0.0,21.85563845426545,21.85563845426545,,0.0,21.85563845426545
VX0012.RI,2026-03-10,20.331204330175325,0.0,20.331204330175325,20.331204330175325,,0.0,20.331204330175325
VX0012.RI,2026-03-11,20.78975626748655,0.0,20.78975626748655,20.78975626748655,,0.0,20.78975626748655
VX0012.RI,2026-03-12,21.71123677909766,0.0,21.71123677909766,21.71123677909766,,0.0,21.71123677909766
VX0012.RI,2026-03-13,22.55954791007592,0.0,22.55954791007592,22.55954791007592,,0.0,22.55954791007592
VX0012.RI,2026-03-16,22.00347469408844,0.0,22.00347469408844,22.00347469408844,,0.0,22.00347469408844
VX0012.RI,2026-03-17,21.37454691948509,0.0,21.37454691948509,21.37454691948509,,0.0,21.37454691948509
VX0012.RI,2026-03-18,21.463098332330297,0.0,21.463098332330297,21.463098332330297,,0.0,21.463098332330297
VX0012.RI,2026-03-19,22.880594459527895,0.0,22.880594459527895,22.880594459527895,,0.0,22.880594459527895
VX0012.RI,2026-03-20,22.999198825770872,0.0,22.999198825770872,22.999198825770872,,0.0,22.999198825770872
VX0012.RI,2026-03-23,29.83955081672494,0.0,29.83955081672494,29.83955081672494,,0.0,29.83955081672494
VX0012.RI,2026-03-24,24.46870069347968,0.0,24.46870069347968,24.46870069347968,,0.0,24.46870069347968
VX0012.RI,2026-03-25,22.843339412034844,0.0,22.843339412034844,22.843339412034844,,0.0,22.843339412034844
VX0012.RI,2026-03-26,23.582659240348523,0.0,23.582659240348523,23.582659240348523,,0.0,23.582659240348523
VX0012.RI,2026-03-27,23.02406282926663,0.0,23.02406282926663,23.02406282926663,,0.0,23.02406282926663
VX0012.RI,2026-03-30,24.805031708631894,0.0,24.805031708631894,24.805031708631894,,0.0,24.805031708631894
VX0012.RI,2026-03-31,24.70647254580083,0.0,24.70647254580083,24.70647254580083,,0.0,24.70647254580083
VX0012.RI,2026-04-01,22.783602256275845,0.0,22.783602256275845,22.783602256275845,,0.0,22.783602256275845
VX0012.RI,2026-04-02,23.921283244113564,0.0,23.921283244113564,23.921283244113564,,0.0,23.921283244113564
VX0012.RI,2026-04-03,24.04288034297293,0.0,24.04288034297293,24.04288034297293,,0.0,24.04288034297293
VX0012.RI,2026-04-07,23.343234031730116,0.0,23.343234031730116,23.343234031730116,,0.0,23.343234031730116
VX0012.RI,2026-04-08,21.46700332721213,0.0,21.46700332721213,21.46700332721213,,0.0,21.46700332721213
VX0012.RI,2026-04-09,21.244368405130974,0.0,21.244368405130974,21.244368405130974,,0.0,21.244368405130974
VX0012.RI,2026-04-10,21.720688352307807,0.0,21.720688352307807,21.720688352307807,,0.0,21.720688352307807
VX0012.RI,2026-04-13,23.305288858769373,0.0,23.305288858769373,23.305288858769373,,0.0,23.305288858769373
