order_book_id,date,institute,price_raw,price_prd,grd_coef,grd_prd,rice_create_tm,create_tm,quarter_recommendation,one_year_target_price,half_year_target_price,one_year_recommendation,half_year_recommendation
600171.XSHG,2006-10-24,中金公司,,,3,1,2024-06-20 17:41:16,2006-11-09 14:10:28,3.0,,,,
600171.XSHG,2007-04-02,中金公司,,,3,1,2024-06-20 17:39:03,2007-04-03 09:27:44,3.0,,,,
600171.XSHG,2007-04-02,广发证券,8.0000,M06,3,1,2024-06-20 04:58:41,2007-04-03 09:27:44,3.0,,8.0,,
600171.XSHG,2007-04-26,中金公司,,,3,1,2024-06-20 17:43:00,2007-04-26 16:56:06,3.0,,,,
600171.XSHG,2007-09-08,中原证券,,,2,3,2024-06-20 17:40:14,2007-09-18 11:11:14,2.0,,,2.0,
600171.XSHG,2007-10-29,中金公司,,,3,1,2024-06-20 17:39:44,2007-10-29 15:43:46,3.0,,,,
600171.XSHG,2007-11-16,中原证券,,,2,3,2024-06-20 17:42:16,2007-11-23 15:25:39,2.0,,,2.0,
600171.XSHG,2008-03-31,中金公司,,,3,1,2024-06-20 17:42:53,2008-03-31 17:55:46,3.0,,,,
600171.XSHG,2009-03-30,天相投顾,,,3,1,2024-06-20 17:41:55,2009-04-01 20:17:00,3.0,,,,
600171.XSHG,2009-05-06,天相投顾,,,2,1,2024-06-20 17:41:18,2009-05-07 16:18:15,2.0,,,,
600171.XSHG,2009-05-27,上海证券,,,3,1,2024-06-20 17:39:20,2009-06-01 18:19:13,3.0,,,,
600171.XSHG,2009-10-30,天相投顾,,,2,1,2024-06-20 17:41:08,2009-11-12 14:38:02,2.0,,,,
600171.XSHG,2010-01-02,东兴证券,,,2,1,2024-06-20 17:39:31,2010-01-05 14:08:07,2.0,,,,
600171.XSHG,2010-05-07,天相投顾,,,3,1,2024-06-20 17:40:05,2010-05-07 15:41:13,3.0,,,,
600171.XSHG,2010-07-07,天相投顾,,,3,1,2024-06-20 17:42:42,2010-07-08 13:59:55,3.0,,,,
600171.XSHG,2011-01-06,天相投顾,,,3,1,2024-06-20 17:39:22,2011-01-06 17:07:12,3.0,,,,
600171.XSHG,2011-06-03,天相投顾,,,3,1,2024-06-20 17:42:58,2011-06-07 16:05:38,3.0,,,,
600171.XSHG,2013-04-02,山西证券,,,3,1,2024-06-20 17:41:44,2013-04-10 07:35:40,3.0,,,,
600171.XSHG,2014-02-23,国金证券,,,1,1,2024-06-20 17:42:27,2014-02-24 21:30:17,1.0,,,,
600171.XSHG,2014-03-01,中航证券,18.0000,M06,2,1,2024-06-20 04:58:18,2014-03-29 11:02:44,2.0,,18.0,,
600171.XSHG,2014-03-02,国金证券,,,1,1,2024-06-20 17:39:10,2014-03-03 21:30:18,1.0,,,,
600171.XSHG,2014-03-09,国金证券,,,1,1,2024-06-20 17:39:43,2014-03-10 21:30:22,1.0,,,,
600171.XSHG,2014-03-23,国金证券,,,1,1,2024-06-20 17:42:18,2014-03-24 10:39:31,1.0,,,,
600171.XSHG,2014-03-30,国金证券,,,1,1,2024-06-20 17:39:44,2014-04-01 21:31:17,1.0,,,,
600171.XSHG,2014-04-10,中航证券,,,2,1,2024-06-20 17:41:26,2014-04-14 17:34:00,2.0,,,,
600171.XSHG,2014-04-13,国金证券,,,1,1,2024-06-20 17:40:13,2014-04-15 17:57:39,1.0,,,,
600171.XSHG,2014-04-20,国金证券,,,1,1,2024-06-20 17:40:33,2014-04-22 17:57:39,1.0,,,,
600171.XSHG,2014-05-11,国金证券,,,1,1,2024-06-20 17:39:10,2014-05-13 13:43:30,1.0,,,,
600171.XSHG,2014-05-18,国金证券,,,1,1,2024-06-20 17:39:44,2014-05-20 13:43:32,1.0,,,,
600171.XSHG,2014-05-28,国金证券,,,1,1,2024-06-20 17:41:48,2014-05-30 11:48:16,1.0,,,,
600171.XSHG,2014-12-05,爱建证券,,,2,1,2024-06-20 17:41:26,2014-12-08 21:46:03,2.0,,,,
600171.XSHG,2014-12-21,中金财富,,,2,1,2024-06-20 17:42:05,2014-12-24 17:57:12,2.0,,,,
600171.XSHG,2015-05-26,宏源证券,,,1,1,2024-06-20 17:39:09,2015-05-27 21:30:54,1.0,,,,
600171.XSHG,2015-06-18,中金财富,,,2,1,2024-06-20 17:39:53,2015-06-18 17:57:08,2.0,,,,
600171.XSHG,2015-11-23,财信证券,25.0000,M06,2,1,2024-06-20 04:58:35,2015-11-24 13:43:56,2.0,,25.0,,
600171.XSHG,2016-01-29,国泰海通证券,15.6000,M06,1,1,2024-06-20 04:58:31,2016-02-02 14:31:03,1.0,,15.6,,
600171.XSHG,2016-01-31,国泰海通证券,15.6000,M06,1,1,2024-06-20 04:58:22,2016-02-01 11:49:13,1.0,,15.6,,
600171.XSHG,2016-06-27,爱建证券,,,2,1,2024-06-20 17:41:09,2016-06-28 16:24:31,2.0,,,,
600171.XSHG,2016-09-27,爱建证券,,,2,1,2024-06-20 17:41:48,2016-09-27 16:22:54,2.0,,,,
600171.XSHG,2016-12-19,申万宏源,,,2,1,2024-06-20 17:42:56,2016-12-20 12:12:23,2.0,,,,
600171.XSHG,2017-01-03,民生证券,,,2,1,2024-06-20 17:42:05,2017-01-03 16:21:17,2.0,,,,
600171.XSHG,2017-01-09,民生证券,,,1,1,2024-06-20 17:42:44,2017-01-09 21:30:41,1.0,,,,
600171.XSHG,2017-02-08,民生证券,,,2,1,2024-06-20 17:41:24,2017-02-08 21:30:58,2.0,,,,
600171.XSHG,2017-02-09,民生证券,,,2,1,2024-06-20 17:39:38,2017-02-09 17:06:59,2.0,,,,
600171.XSHG,2017-02-16,民生证券,18.6300,M06,2,1,2024-06-20 04:58:21,2017-02-17 09:53:41,2.0,,18.63,,
600171.XSHG,2017-02-27,民生证券,,,2,1,2024-06-20 17:40:19,2017-03-01 13:21:11,2.0,,,,
600171.XSHG,2017-03-06,民生证券,,,2,1,2024-06-20 17:40:34,2017-03-06 17:53:22,2.0,,,,
600171.XSHG,2017-03-13,民生证券,,,2,1,2024-06-20 17:42:52,2017-03-13 14:30:05,2.0,,,,
600171.XSHG,2017-03-16,民生证券,16.2500,M06,2,1,2024-06-20 04:58:29,2017-03-16 16:21:25,2.0,,16.25,,
600171.XSHG,2017-03-20,民生证券,,,2,1,2024-06-20 17:40:06,2017-03-21 14:06:56,2.0,,,,
600171.XSHG,2017-03-27,民生证券,,,2,1,2024-06-20 17:40:45,2017-03-28 16:23:57,2.0,,,,
600171.XSHG,2017-03-28,民生证券,15.5000,M06,2,1,2024-06-20 04:58:21,2017-03-28 16:23:57,2.0,,15.5,,
600171.XSHG,2017-04-12,民生证券,,,2,1,2024-06-20 17:39:20,2017-04-13 13:47:07,2.0,,,,
600171.XSHG,2017-04-20,民生证券,15.5000,M06,2,1,2024-06-20 04:58:08,2017-04-21 16:21:57,2.0,,15.5,,
600171.XSHG,2017-05-19,民生证券,12.2500,M06,2,1,2024-06-20 04:58:31,2017-05-21 16:20:50,2.0,,12.25,,
600171.XSHG,2017-07-18,民生证券,13.8000,Y01,2,1,2024-06-20 04:57:59,2017-07-18 21:30:33,2.0,13.8,,,
600171.XSHG,2017-07-31,民生证券,,,2,1,2024-06-20 17:41:00,2017-08-04 11:02:08,2.0,,,,
600171.XSHG,2017-08-09,民生证券,,,2,1,2024-06-20 17:41:16,2017-08-09 16:45:14,2.0,,,,
600171.XSHG,2017-08-15,民生证券,14.1750,Y01,2,1,2024-06-20 04:58:08,2017-08-15 21:30:16,2.0,14.175,,,
600171.XSHG,2017-09-20,民生证券,,,2,1,2024-06-20 17:39:46,2017-09-21 12:11:15,2.0,,,,
600171.XSHG,2017-10-09,民生证券,15.5250,Y01,2,1,2024-06-20 04:58:09,2017-10-12 17:08:41,2.0,15.525,,,
600171.XSHG,2017-11-02,民生证券,,,2,1,2024-06-20 17:41:24,2017-11-02 14:06:06,2.0,,,,
600171.XSHG,2017-11-14,民生证券,15.7250,Y01,2,1,2024-06-20 04:58:34,2017-11-15 10:39:12,2.0,15.725,,,
600171.XSHG,2021-04-18,国投证券,,,1,1,2024-06-20 17:39:20,2021-04-19 13:46:11,1.0,,,,
600171.XSHG,2021-07-09,开源证券,,,1,1,2024-06-20 17:39:26,2021-07-09 09:21:31,1.0,,,,
600171.XSHG,2021-07-09,国投证券,48.2000,M06,1,1,2024-06-20 04:58:11,2021-07-09 13:03:17,1.0,,48.2,,
600171.XSHG,2021-07-10,方正证券,,,2,1,2024-06-20 17:42:59,2021-07-11 18:07:27,2.0,,,,
600171.XSHG,2021-08-01,国金证券,44.8000,M06,1,1,2024-06-20 04:58:03,2021-08-02 15:13:42,1.0,,44.8,,
600171.XSHG,2021-08-28,开源证券,,,1,1,2024-06-20 17:40:41,2021-08-29 17:08:25,1.0,,,,
600171.XSHG,2021-08-28,方正证券,,,2,1,2024-06-20 17:41:25,2021-08-29 16:35:20,2.0,,,,
600171.XSHG,2021-08-28,国投证券,48.2000,M06,1,1,2024-06-20 04:58:27,2021-08-31 10:38:39,1.0,,48.2,,
600171.XSHG,2021-08-29,国金证券,,,1,1,2024-06-20 17:41:23,2021-08-30 17:17:40,1.0,,,,
600171.XSHG,2021-09-16,国投证券,48.2000,M06,1,1,2024-06-20 04:58:22,2021-09-17 10:23:14,1.0,,48.2,,
600171.XSHG,2021-09-30,国投证券,48.2000,,1,1,2024-06-20 04:58:29,2021-10-07 14:23:15,1.0,,,,
600171.XSHG,2021-10-23,开源证券,,,1,1,2024-06-20 17:42:08,2021-10-24 10:41:58,1.0,,,,
600171.XSHG,2021-10-24,方正证券,,,2,1,2024-06-20 17:40:37,2021-10-25 13:43:54,2.0,,,,
600171.XSHG,2021-10-24,国投证券,48.2000,,1,1,2024-06-20 04:58:28,2021-10-25 10:59:57,1.0,,,,
600171.XSHG,2021-10-25,国投证券,48.2000,M06,1,1,2024-06-20 04:58:27,2021-10-25 14:15:43,1.0,,48.2,,
600171.XSHG,2021-10-31,国投证券,48.2000,,1,1,2024-06-20 04:58:09,2021-11-02 16:11:08,1.0,,,,
600171.XSHG,2021-11-20,开源证券,,,1,1,2024-06-20 17:42:58,2021-11-21 12:53:01,1.0,,,,
600171.XSHG,2022-01-07,南京证券,,,2,1,2024-06-20 17:42:27,2023-02-07 16:43:56,2.0,,,,
600171.XSHG,2022-03-28,国投证券,32.6000,M06,1,1,2024-06-20 04:58:40,2022-03-29 11:08:21,1.0,,32.6,,
600171.XSHG,2022-03-30,开源证券,,,1,1,2024-06-20 17:43:02,2022-03-30 14:02:52,1.0,,,,
600171.XSHG,2022-03-31,华鑫证券,,,1,1,2024-06-20 17:40:11,2022-03-31 11:13:58,1.0,,,,
600171.XSHG,2022-04-01,首创证券,,,1,1,2024-06-20 17:39:55,2022-04-05 09:44:51,1.0,,,,
600171.XSHG,2022-04-23,国投证券,32.6000,M06,1,1,2024-06-20 04:58:00,2022-04-24 10:59:44,1.0,,32.6,,
600171.XSHG,2022-04-24,华鑫证券,,,1,1,2024-06-20 17:41:44,2022-04-25 14:06:51,1.0,,,,
600171.XSHG,2022-04-24,开源证券,,,1,1,2024-06-20 17:42:54,2022-04-24 15:57:42,1.0,,,,
600171.XSHG,2022-05-11,华鑫证券,,,1,1,2024-06-20 17:41:16,2022-05-12 10:06:23,1.0,,,,
600171.XSHG,2022-08-11,华鑫证券,,,1,1,2024-06-20 17:40:12,2022-08-12 15:35:10,1.0,,,,
600171.XSHG,2022-08-22,申万宏源,30.8400,M06,2,1,2024-06-20 04:58:25,2022-08-23 18:41:28,2.0,,30.84,,
600171.XSHG,2022-08-23,开源证券,,,1,1,2024-06-20 17:40:10,2022-08-24 09:25:40,1.0,,,,
600171.XSHG,2022-08-24,华鑫证券,,,1,1,2024-06-20 17:41:16,2022-08-25 11:06:26,1.0,,,,
600171.XSHG,2022-08-28,申万宏源,,,2,1,2024-06-20 17:40:12,2022-09-27 10:49:12,2.0,,,,
600171.XSHG,2022-09-17,申万宏源,,,2,1,2024-06-20 17:41:50,2022-09-19 14:10:18,2.0,,,,
600171.XSHG,2022-09-23,华鑫证券,,,1,1,2024-06-20 17:41:16,2022-09-23 17:41:46,1.0,,,,
600171.XSHG,2022-09-30,华鑫证券,,,1,1,2024-06-20 17:40:29,2022-10-09 10:16:41,1.0,,,,
600171.XSHG,2022-10-26,开源证券,,,1,1,2024-06-20 17:41:54,2022-10-26 16:01:25,1.0,,,,
600171.XSHG,2022-11-21,华鑫证券,,,1,1,2024-06-20 17:40:37,2022-11-20 16:16:15,1.0,,,,
600171.XSHG,2022-12-20,申万宏源,,,2,1,2024-06-20 17:42:38,2022-12-21 15:49:23,2.0,,,,
600171.XSHG,2022-12-31,华鑫证券,,,1,1,2024-06-20 17:39:46,2023-01-02 13:03:53,1.0,,,,
600171.XSHG,2023-02-22,华鑫证券,,,1,1,2024-06-20 17:41:45,2023-02-22 16:22:34,1.0,,,,
600171.XSHG,2023-03-28,开源证券,,,1,1,2024-06-20 17:40:45,2023-03-29 15:11:59,1.0,,,,
600171.XSHG,2023-04-03,申万宏源,,,2,1,2024-06-20 17:41:27,2023-04-04 14:43:47,2.0,,,,
600171.XSHG,2023-04-09,国投证券,27.1000,M06,1,1,2024-06-20 04:58:01,2023-04-10 09:02:45,1.0,,27.1,,
600171.XSHG,2023-04-16,申万宏源,,,2,1,2024-06-20 17:41:59,2023-04-17 16:07:14,2.0,,,,
600171.XSHG,2023-04-26,长城证券,,,2,1,2024-06-20 17:41:31,2023-05-05 10:24:33,2.0,,,,
600171.XSHG,2023-05-08,开源证券,,,1,1,2024-06-20 17:39:30,2023-05-09 13:58:36,1.0,,,,
600171.XSHG,2023-11-12,华鑫证券,,,1,1,2024-06-20 17:40:37,2023-11-13 15:58:20,1.0,,,,
600171.XSHG,2023-12-09,申万宏源,,,2,1,2024-06-20 17:41:11,2023-12-10 11:36:49,2.0,,,,
600171.XSHG,2023-12-17,申万宏源,,,2,1,2024-06-20 17:42:59,2023-12-18 13:33:26,2.0,,,,
600171.XSHG,2024-08-21,申万宏源,,,2,1,2024-08-22 13:22:16,2024-08-22 11:01:58,2.0,,,,
