order_book_id,date,report_year,report_period,info_classification,institute,info_summary,report_date,title,author,est_profit,report_date_last,title_last,est_profit_last,info_date,report_type,forecast_profit_max,forecast_profit_min,profit,profit_q,forecast_profit_growth_limit,profit_growth,forcast_profit_growth_limit_q,profit_growth_q,fin_report_date_last,fin_report_type_last,forecast_profit_max_last,forecast_profit_min_last,profit_last,con_calc_date,con_profit,con_calc_date_last,con_profit_last,con_profit_q_last,con_profit_gr_last,con_profit_gr_q_last,expect_rate,rice_create_tm,create_tm
000060.XSHE,2011-04-29,2011,q1,2405,,2011-04-29发布的财报中，1季度净利润增速低于机构的一致预期,,,,,,,,2011-04-29,financial_reports,,,,110277893.0900,,,,-0.2032,,,,,,,,2011-04-28,,218831462.9468,,,-0.4961,2021-04-12 11:01:49,2021-04-12 11:01:49
000060.XSHE,2011-04-29,2011,q1,2501,,2011-04-29发布的财报净利润同比增速低于一致预期2011同比增速,,,,,,,,2011-04-29,financial_reports,,,110277893.0900,,,-0.2032,,,,,,,,,,2011-04-28,1117894272.3636,,0.5812,,-0.7843,2021-04-12 11:01:49,2021-04-12 11:01:49
000060.XSHE,2011-04-29,2011,q1,2503,,2011-04-29发布的财报净利润同比增速低于2011一致预期同比增速,,,,,,,,2011-04-29,financial_reports,,,,110277893.0900,,,,-0.2032,,,,,,,,2011-04-28,,218831462.9468,,0.5812,-0.7844,2021-04-12 11:01:49,2021-04-12 11:01:49
000060.XSHE,2011-08-26,2011,q2,2405,,2011-08-26发布的财报中，2季度净利润增速低于机构的一致预期,,,,,,,,2011-08-26,financial_reports,,,,240236018.1100,,,,0.4834,,,,,,,,2011-08-25,,281189147.5511,,,-0.1456,2021-04-12 11:01:49,2021-04-12 11:01:49
000060.XSHE,2011-08-26,2011,q2,2501,,2011-08-26发布的财报净利润同比增速低于一致预期2011同比增速,,,,,,,,2011-08-26,financial_reports,,,350513911.2000,,,0.1670,,,,,,,,,,2011-08-25,1097545154.4800,,0.5524,,-0.3853,2021-04-12 11:01:49,2021-04-12 11:01:49
000060.XSHE,2011-08-26,2011,q2,2503,,2011-08-26发布的财报净利润同比增速低于2011一致预期同比增速,,,,,,,,2011-08-26,financial_reports,,,,240236018.1100,,,,0.4834,,,,,,,,2011-08-25,,281189147.5511,,0.7363,-0.2529,2021-04-12 11:01:49,2021-04-12 11:01:49
000060.XSHE,2012-04-27,2012,q1,2405,,2012-04-27发布的财报中，1季度净利润增速低于机构的一致预期,,,,,,,,2012-04-27,financial_reports,,,,90383385.9900,,,,-0.1804,,,,,,,,2012-04-26,,114931620.1784,,,-0.2136,2021-04-12 11:01:49,2021-04-12 11:01:49
000060.XSHE,2012-04-27,2012,q1,2501,,2012-04-27发布的财报净利润同比增速低于一致预期2012同比增速,,,,,,,,2012-04-27,financial_reports,,,90383385.9900,,,-0.1804,,,,,,,,,,2012-04-26,990856240.3505,,0.0422,,-0.2226,2021-04-12 11:01:49,2021-04-12 11:01:49
000060.XSHE,2012-04-27,2012,q1,2503,,2012-04-27发布的财报净利润同比增速低于2012一致预期同比增速,,,,,,,,2012-04-27,financial_reports,,,,90383385.9900,,,,-0.1804,,,,,,,,2012-04-26,,114931620.1784,,0.0422,-0.2226,2021-04-12 11:01:49,2021-04-12 11:01:49
000060.XSHE,2012-08-25,2012,q2,2405,,2012-08-25发布的财报中，2季度净利润增速低于机构的一致预期,,,,,,,,2012-08-25,financial_reports,,,,118227502.8500,,,,-0.5079,,,,,,,,2012-08-24,,221401514.2902,,,-0.4660,2021-04-12 11:01:49,2021-04-12 11:01:49
000060.XSHE,2012-08-25,2012,q2,2501,,2012-08-25发布的财报净利润同比增速低于一致预期2012同比增速,,,,,,,,2012-08-25,financial_reports,,,208610888.8400,,,-0.4048,,,,,,,,,,2012-08-24,864954053.5096,,-0.0902,,-0.3146,2021-04-12 11:01:49,2021-04-12 11:01:49
000060.XSHE,2012-08-25,2012,q2,2503,,2012-08-25发布的财报净利润同比增速低于2012一致预期同比增速,,,,,,,,2012-08-25,financial_reports,,,,118227502.8500,,,,-0.5079,,,,,,,,2012-08-24,,221401514.2902,,-0.0784,-0.4295,2021-04-12 11:01:49,2021-04-12 11:01:49
000060.XSHE,2012-08-25,2012,q3,2502,,2012-08-25发布的业绩预告同比增速低于一致预期2012同比增速,,,,,,,,2012-08-25,performance_forecast,350000000.0000,250000000.0000,,,-0.5107,,,,,,,,,,,2012-08-24,864954053.5096,,-0.0902,,-0.4205,2021-04-12 11:01:49,2021-04-12 11:01:49
000060.XSHE,2012-08-25,2012,q3,2504,,2012-08-25发布的业绩预告同比增速低于2012一致预期同比增速,,,,,,,,2012-08-25,performance_forecast,350000000.0000,250000000.0000,,,,,-0.6124,,,,,,,,,2012-08-24,,398930156.3065,,0.0935,-0.7059,2021-04-12 11:01:49,2021-04-12 11:01:49
000060.XSHE,2012-10-31,2012,q3,2405,,2012-10-31发布的财报中，3季度净利润增速低于机构的一致预期,,,,,,,,2012-10-31,financial_reports,,,,95915371.9600,,,,-0.7371,,,,,,,,2012-10-30,,297875146.4328,,,-0.6780,2021-04-12 11:01:49,2021-04-12 11:01:49
000060.XSHE,2012-10-31,2012,q3,2501,,2012-10-31发布的财报净利润同比增速低于一致预期2012同比增速,,,,,,,,2012-10-31,financial_reports,,,304526260.8000,,,-0.5743,,,,,,,,,,2012-10-30,698716445.4089,,-0.2651,,-0.3092,2021-04-12 11:01:49,2021-04-12 11:01:49
000060.XSHE,2012-10-31,2012,q3,2503,,2012-10-31发布的财报净利润同比增速低于2012一致预期同比增速,,,,,,,,2012-10-31,financial_reports,,,,95915371.9600,,,,-0.7371,,,,,,,,2012-10-30,,297875146.4328,,-0.1835,-0.5536,2021-04-12 11:01:49,2021-04-12 11:01:49
000060.XSHE,2013-01-29,2012,q4,2403,,2013-01-29发布的业绩预告低于机构的一致预期,,,,,,,,2013-01-29,performance_forecast,450000000.0000,400000000.0000,,,,,,,,,,,,,,2013-01-28,578785361.7741,,,,-0.2225,2021-04-12 11:01:49,2021-04-12 11:01:49
000060.XSHE,2013-01-29,2012,q4,2502,,2013-01-29发布的业绩预告同比增速低于一致预期2012同比增速,,,,,,,,2013-01-29,performance_forecast,450000000.0000,400000000.0000,,,-0.5267,,,,,,,,,,,2013-01-28,578785361.7741,,-0.3912,,-0.1355,2021-04-12 11:01:49,2021-04-12 11:01:49
000060.XSHE,2013-01-29,2012,q4,2504,,2013-01-29发布的业绩预告同比增速低于2012一致预期同比增速,,,,,,,,2013-01-29,performance_forecast,450000000.0000,400000000.0000,,,,,-0.3821,,,,,,,,,2013-01-28,,274259079.3438,,0.1650,-0.5471,2021-04-12 11:01:49,2021-04-12 11:01:49
000060.XSHE,2013-04-12,2012,q4,2201,,近5个交易日内，该股一致预期净利润被大幅调低,,,,,,,,,,,,,,,,,,,,,,,2013-04-18,565000000.0000,2013-04-11,689689235.5067,,,,-0.1808,2021-04-12 11:01:49,2021-04-12 11:01:49
000060.XSHE,2013-04-27,2013,q1,2405,,2013-04-27发布的财报中，1季度净利润增速低于机构的一致预期,,,,,,,,2013-04-27,financial_reports,,,,88153485.7800,,,,-0.0247,,,,,,,,2013-04-26,,126238475.2122,,,-0.3017,2021-04-12 11:01:49,2021-04-12 11:01:49
000060.XSHE,2013-04-27,2013,q1,2501,,2013-04-27发布的财报净利润同比增速低于一致预期2013同比增速,,,,,,,,2013-04-27,financial_reports,,,88153485.7800,,,-0.0247,,,,,,,,,,2013-04-26,604465490.6779,,0.3967,,-0.4213,2021-04-12 11:01:49,2021-04-12 11:01:49
000060.XSHE,2013-04-27,2013,q1,2503,,2013-04-27发布的财报净利润同比增速低于2013一致预期同比增速,,,,,,,,2013-04-27,financial_reports,,,,88153485.7800,,,,-0.0247,,,,,,,,2013-04-26,,126238475.2122,,0.3967,-0.4214,2021-04-12 11:01:49,2021-04-12 11:01:49
000060.XSHE,2013-07-29,2013,q4,2101,高华证券,"高华证券2013-07-29发布的报告下调了该股盈利预测,分析师：张富盛,韩永",2013-07-29,中国金属及采矿行业：将铅锌价格预测调整反映至我们的模型 驰宏锌锗和中金岭南维持中性,"张富盛,韩永",451100000.0000,2013-05-14,中金岭南：重新启航,530300000.0000,,,,,,,,,,,,,,,,,,,,,,,-0.1493,2021-04-12 11:01:49,2021-04-12 11:01:49
000060.XSHE,2013-08-24,2013,q2,2201,,近5个交易日内，该股一致预期净利润被大幅调低,,,,,,,,,,,,,,,,,,,,,,,2013-08-30,372294946.9714,2013-08-23,544731299.6667,,,,-0.3166,2021-04-12 11:01:49,2021-04-12 11:01:49
000060.XSHE,2013-08-24,2013,q2,2405,,2013-08-24发布的财报中，2季度净利润增速低于机构的一致预期,,,,,,,,2013-08-24,financial_reports,,,,31920566.1100,,,,-0.7300,,,,,,,,2013-08-23,,157644552.3002,,,-0.7975,2021-04-12 11:01:49,2021-04-12 11:01:49
000060.XSHE,2013-08-24,2013,q2,2501,,2013-08-24发布的财报净利润同比增速低于一致预期2013同比增速,,,,,,,,2013-08-24,financial_reports,,,120074051.8900,,,-0.4244,,,,,,,,,,2013-08-23,544731299.6667,,0.2587,,-0.6831,2021-04-12 11:01:49,2021-04-12 11:01:49
000060.XSHE,2013-08-24,2013,q2,2503,,2013-08-24发布的财报净利润同比增速低于2013一致预期同比增速,,,,,,,,2013-08-24,financial_reports,,,,31920566.1100,,,,-0.7300,,,,,,,,2013-08-23,,157644552.3002,,0.3334,-1.0634,2021-04-12 11:01:49,2021-04-12 11:01:49
000060.XSHE,2013-08-26,2013,q4,2101,高华证券,"高华证券2013-08-26发布的报告下调了该股盈利预测,分析师：张富盛,韩永",2013-08-26,中金岭南：业绩低于预期 疲弱的价格和产量拖累盈利,"张富盛,韩永",373700000.0000,2013-07-29,中国金属及采矿行业：将铅锌价格预测调整反映至我们的模型 驰宏锌锗和中金岭南维持中性,451100000.0000,,,,,,,,,,,,,,,,,,,,,,,-0.1716,2021-04-12 11:01:49,2021-04-12 11:01:49
000060.XSHE,2013-08-26,2013,q4,2102,申万宏源,"申万宏源2013-08-26发布的报告下调了该股盈利预测,分析师：叶培培,王栋",2013-08-26,中金岭南：业绩低于预期 维持增持评级,"叶培培,王栋",406000000.0000,2013-04-12,中金岭南：业绩符合预期 维持增持评级,565000000.0000,,,,,,,,,,,,,,,,,,,,,,,-0.2814,2021-04-12 11:01:49,2021-04-12 11:01:49
000060.XSHE,2013-08-26,2013,q4,2301,申万宏源,申万宏源2013-08-26发布的报告研报标题中含有超预期信息,2013-08-26,中金岭南：业绩低于预期 维持增持评级,"叶培培,王栋",406000000.0000,,,,,,,,,,,,,,,,,,,,,,,,,,,2021-04-12 11:01:49,2021-04-12 11:01:49
000060.XSHE,2013-08-26,2013,q4,2301,中信建投,中信建投2013-08-26发布的报告研报标题中含有超预期信息,2013-08-26,中金岭南：价格持续下行 盈利低于预期,"张芳,郭晓露",312000000.0000,,,,,,,,,,,,,,,,,,,,,,,,,,,2021-04-12 11:01:49,2021-04-12 11:01:49
000060.XSHE,2013-08-26,2013,q4,2301,高华证券,高华证券2013-08-26发布的报告研报标题中含有超预期信息,2013-08-26,中金岭南：业绩低于预期 疲弱的价格和产量拖累盈利,"张富盛,韩永",373700000.0000,,,,,,,,,,,,,,,,,,,,,,,,,,,2021-04-12 11:01:49,2021-04-12 11:01:49
000060.XSHE,2013-08-26,2013,q4,2302,申万宏源,申万宏源2013-08-26发布的报告研报摘要中含有超预期信息,2013-08-26,中金岭南：业绩低于预期 维持增持评级,"叶培培,王栋",406000000.0000,,,,,,,,,,,,,,,,,,,,,,,,,,,2021-04-12 11:01:49,2021-04-12 11:01:49
000060.XSHE,2013-08-26,2013,q4,2302,中信建投,中信建投2013-08-26发布的报告研报摘要中含有超预期信息,2013-08-26,中金岭南：价格持续下行 盈利低于预期,"张芳,郭晓露",312000000.0000,,,,,,,,,,,,,,,,,,,,,,,,,,,2021-04-12 11:01:49,2021-04-12 11:01:49
000060.XSHE,2013-08-26,2013,q4,2302,高华证券,高华证券2013-08-26发布的报告研报摘要中含有超预期信息,2013-08-26,中金岭南：业绩低于预期 疲弱的价格和产量拖累盈利,"张富盛,韩永",373700000.0000,,,,,,,,,,,,,,,,,,,,,,,,,,,2021-04-12 11:01:49,2021-04-12 11:01:49
000060.XSHE,2013-10-30,2013,q3,2201,,近5个交易日内，该股一致预期净利润被大幅调低,,,,,,,,,,,,,,,,,,,,,,,2013-11-05,300500000.0000,2013-10-29,430594519.5077,,,,-0.3021,2021-04-12 11:01:49,2021-04-12 11:01:49
000060.XSHE,2013-10-30,2013,q3,2405,,2013-10-30发布的财报中，3季度净利润增速低于机构的一致预期,,,,,,,,2013-10-30,financial_reports,,,,49971669.2400,,,,-0.4790,,,,,,,,2013-10-29,,132861973.2390,,,-0.6239,2021-04-12 11:01:49,2021-04-12 11:01:49
000060.XSHE,2013-10-30,2013,q3,2501,,2013-10-30发布的财报净利润同比增速低于一致预期2013同比增速,,,,,,,,2013-10-30,financial_reports,,,170045721.1300,,,-0.4416,,,,,,,,,,2013-10-29,430594519.5077,,-0.0051,,-0.4365,2021-04-12 11:01:49,2021-04-12 11:01:49
000060.XSHE,2013-10-30,2013,q3,2503,,2013-10-30发布的财报净利润同比增速低于2013一致预期同比增速,,,,,,,,2013-10-30,financial_reports,,,,49971669.2400,,,,-0.4790,,,,,,,,2013-10-29,,132861973.2390,,0.3852,-0.8642,2021-04-12 11:01:49,2021-04-12 11:01:49
000060.XSHE,2013-10-30,2013,q4,2102,申万宏源,"申万宏源2013-10-30发布的报告下调了该股盈利预测,分析师：叶培培,王栋",2013-10-30,中金岭南：业绩符合预期 拟收购佩里亚剩余股权 维持增持评级,"叶培培,王栋",225000000.0000,2013-08-26,中金岭南：业绩低于预期 维持增持评级,406000000.0000,,,,,,,,,,,,,,,,,,,,,,,-0.4458,2021-04-12 11:01:49,2021-04-12 11:01:49
000060.XSHE,2013-11-01,2013,q4,2101,东方证券,"东方证券2013-11-01发布的报告下调了该股盈利预测,分析师：张新平,徐建花",2013-11-01,中金岭南：三季度业绩继续大幅下滑,"张新平,徐建花",376000000.0000,2013-08-27,中金岭南：铅锌价格低迷继续拖累公司业绩,403000000.0000,,,,,,,,,,,,,,,,,,,,,,,-0.0670,2021-04-12 11:01:49,2021-04-12 11:01:49
000060.XSHE,2013-12-25,2013,q4,2302,广发证券,广发证券2013-12-25发布的报告研报摘要中含有超预期信息,2013-12-25,中金岭南：潜龙在渊 蓄势待发,"巨国贤,吴怡平",311000000.0000,,,,,,,,,,,,,,,,,,,,,,,,,,,2021-04-12 11:01:49,2021-04-12 11:01:49
000060.XSHE,2014-03-27,2013,q4,2201,,近5个交易日内，该股一致预期净利润被大幅调低,,,,,,,,,,,,,,,,,,,,,,,2014-04-02,377451336.9143,2014-03-26,430270526.4000,,,,-0.1228,2021-04-12 11:01:49,2021-04-12 11:01:49
000060.XSHE,2014-03-31,2014,q4,2302,高华证券,高华证券2014-03-31发布的报告研报摘要中含有超预期信息,2014-03-31,中金岭南：业绩高于预期 受益于成本控制及非经常性损益 中性,"张富盛,韩永,王洋子",333600000.0000,,,,,,,,,,,,,,,,,,,,,,,,,,,2021-04-12 11:01:49,2021-04-12 11:01:49
000060.XSHE,2014-04-29,2014,q1,2405,,2014-04-29发布的财报中，1季度净利润增速低于机构的一致预期,,,,,,,,2014-04-29,financial_reports,,,,72606609.1900,,,,-0.1764,,,,,,,,2014-04-28,,91600287.0740,,,-0.2074,2021-04-12 11:01:49,2021-04-12 11:01:49
000060.XSHE,2014-04-29,2014,q1,2501,,2014-04-29发布的财报净利润同比增速低于一致预期2014同比增速,,,,,,,,2014-04-29,financial_reports,,,72606609.1900,,,-0.1764,,,,,,,,,,2014-04-28,406668644.6000,,0.0391,,-0.2154,2021-04-12 11:01:49,2021-04-12 11:01:49
000060.XSHE,2014-04-29,2014,q1,2503,,2014-04-29发布的财报净利润同比增速低于2014一致预期同比增速,,,,,,,,2014-04-29,financial_reports,,,,72606609.1900,,,,-0.1764,,,,,,,,2014-04-28,,91600287.0740,,0.0391,-0.2155,2021-04-12 11:01:49,2021-04-12 11:01:49
000060.XSHE,2014-10-31,2014,q4,2102,海通证券,"海通证券2014-10-31发布的报告下调了该股盈利预测,分析师：施毅,钟奇,刘博",2014-10-31,中金岭南：业绩最好的铅锌企业,"施毅,钟奇,刘博",536364628.8000,2014-09-24,中金岭南：货币补偿大幅增加公司利润,546400000.0000,,,,,,,,,,,,,,,,,,,,,,,-0.0184,2021-04-12 11:01:49,2021-04-12 11:01:49
000060.XSHE,2015-04-02,2014,q4,2405,,2015-04-02发布的财报中，4季度净利润增速低于机构的一致预期,,,,,,,,2015-04-02,financial_reports,,,,60076465.9500,,,,-0.7286,,,,,,,,2015-04-01,,122526273.5603,,,-0.5097,2021-04-12 11:01:49,2021-04-12 11:01:49
000060.XSHE,2015-04-02,2014,q4,2503,,2015-04-02发布的财报净利润同比增速低于2014一致预期同比增速,,,,,,,,2015-04-02,financial_reports,,,,60076465.9500,,,,-0.7286,,,,,,,,2015-04-01,,122526273.5603,,-0.4464,-0.2822,2021-04-12 11:01:49,2021-04-12 11:01:49
000060.XSHE,2015-04-10,2015,q4,2302,安信证券,安信证券2015-04-10发布的报告研报摘要中含有超预期信息,2015-04-10,中金岭南：见龙在田,"齐丁,衡昆",524900000.0000,,,,,,,,,,,,,,,,,,,,,,,,,,,2021-04-12 11:01:49,2021-04-12 11:01:49
000060.XSHE,2015-04-29,2015,q1,2201,,近5个交易日内，该股一致预期净利润被大幅调低,,,,,,,,,,,,,,,,,,,,,,,2015-05-06,475620000.0000,2015-04-28,618784656.9371,,,,-0.2314,2021-04-12 11:01:49,2021-04-12 11:01:49
000060.XSHE,2015-04-29,2015,q1,2405,,2015-04-29发布的财报中，1季度净利润增速低于机构的一致预期,,,,,,,,2015-04-29,financial_reports,,,,58207018.8600,,,,-0.1983,,,,,,,,2015-04-28,,95564819.0159,,,-0.3909,2021-04-12 11:01:49,2021-04-12 11:01:49
000060.XSHE,2015-04-29,2015,q1,2501,,2015-04-29发布的财报净利润同比增速低于一致预期2015同比增速,,,,,,,,2015-04-29,financial_reports,,,58207018.8600,,,-0.1983,,,,,,,,,,2015-04-28,618784656.9371,,0.3162,,-0.5145,2021-04-12 11:01:49,2021-04-12 11:01:49
000060.XSHE,2015-04-29,2015,q1,2503,,2015-04-29发布的财报净利润同比增速低于2015一致预期同比增速,,,,,,,,2015-04-29,financial_reports,,,,58207018.8600,,,,-0.1983,,,,,,,,2015-04-28,,95564819.0159,,0.3162,-0.5145,2021-04-12 11:01:49,2021-04-12 11:01:49
000060.XSHE,2015-04-30,2015,q4,2102,海通证券,"海通证券2015-04-30发布的报告下调了该股盈利预测,分析师：施毅,钟奇,刘博",2015-04-30,中金岭南：铅锌价格上扬,"施毅,钟奇,刘博",475620000.0000,2015-04-08,中金岭南：盈利稳定 积极进军新材料,606420000.0000,,,,,,,,,,,,,,,,,,,,,,,-0.2157,2021-04-12 11:01:49,2021-04-12 11:01:49
000060.XSHE,2015-07-13,2015,q4,2102,海通证券,"海通证券2015-07-13发布的报告下调了该股盈利预测,分析师：施毅,钟奇,刘博",2015-07-13,有色金属行业：高送转 从绝望中寻求希望,"施毅,钟奇,刘博",475000000.0000,2015-04-30,中金岭南：铅锌价格上扬,475620000.0000,,,,,,,,,,,,,,,,,,,,,,,-0.0013,2021-04-12 11:01:49,2021-04-12 11:01:49
000060.XSHE,2015-07-15,2015,q4,2101,安信证券,"安信证券2015-07-15发布的报告下调了该股盈利预测,分析师：齐丁,衡昆",2015-07-15,中金岭南：携手安泰科 有色互联网加大幕开启,"齐丁,衡昆",491400000.0000,2015-04-10,中金岭南：见龙在田,524900000.0000,,,,,,,,,,,,,,,,,,,,,,,-0.0638,2021-04-12 11:01:49,2021-04-12 11:01:49
000060.XSHE,2015-07-15,2015,q4,2302,招商证券,招商证券2015-07-15发布的报告研报摘要中含有超预期信息,2015-07-15,中金岭南：再识岭南 第一目标价区间25-28元,"彭波,谢鸿鹤,徐张红",432000000.0000,,,,,,,,,,,,,,,,,,,,,,,,,,,2021-04-12 11:01:49,2021-04-12 11:01:49
000060.XSHE,2015-07-15,2015,q4,2302,安信证券,安信证券2015-07-15发布的报告研报摘要中含有超预期信息,2015-07-15,中金岭南：携手安泰科 有色互联网加大幕开启,"齐丁,衡昆",491400000.0000,,,,,,,,,,,,,,,,,,,,,,,,,,,2021-04-12 11:01:49,2021-04-12 11:01:49
000060.XSHE,2015-08-26,2015,q4,2101,中金公司,"中金公司2015-08-26发布的报告下调了该股盈利预测,分析师：陈彦,董宇博",2015-08-26,中金岭南：1H15业绩略低于预期 锌价反弹及资产收购将提供催化剂,"陈彦,董宇博",447000000.0000,2015-07-15,中金岭南：收购安泰科进军“互联网+” 复牌后补涨需求强劲,570000000.0000,,,,,,,,,,,,,,,,,,,,,,,-0.2158,2021-04-12 11:01:49,2021-04-12 11:01:49
000060.XSHE,2015-08-26,2015,q4,2301,中金公司,中金公司2015-08-26发布的报告研报标题中含有超预期信息,2015-08-26,中金岭南：1H15业绩略低于预期 锌价反弹及资产收购将提供催化剂,"陈彦,董宇博",447000000.0000,,,,,,,,,,,,,,,,,,,,,,,,,,,2021-04-12 11:01:49,2021-04-12 11:01:49
000060.XSHE,2015-08-26,2015,q4,2302,银河证券,银河证券2015-08-26发布的报告研报摘要中含有超预期信息,2015-08-26,中金岭南：中报业绩平稳 静待铅锌价格起势,"刘文平,胡皓",464651866.9800,,,,,,,,,,,,,,,,,,,,,,,,,,,2021-04-12 11:01:49,2021-04-12 11:01:49
000060.XSHE,2015-10-14,2015,q3,2502,,2015-10-14发布的业绩预告同比增速低于一致预期2015同比增速,,,,,,,,2015-10-14,performance_forecast,110000000.0000,90000000.0000,,,-0.7317,,,,,,,,,,,2015-10-13,491981788.6333,,0.0465,,-0.7782,2021-04-12 11:01:49,2021-04-12 11:01:49
000060.XSHE,2015-10-14,2015,q3,2504,,2015-10-14发布的业绩预告同比增速低于2015一致预期同比增速,,,,,,,,2015-10-14,performance_forecast,110000000.0000,90000000.0000,,,,,-1.1983,,,,,,,,,2015-10-13,,268108672.8900,,0.0629,-1.2612,2021-04-12 11:01:49,2021-04-12 11:01:49
000060.XSHE,2015-10-28,2015,q3,2201,,近5个交易日内，该股一致预期净利润被大幅调低,,,,,,,,,,,,,,,,,,,,,,,2015-11-03,159000000.0000,2015-10-27,491981788.6333,,,,-0.6768,2021-04-12 11:01:49,2021-04-12 11:01:49
000060.XSHE,2015-10-28,2015,q3,2405,,2015-10-28发布的财报中，3季度净利润增速低于机构的一致预期,,,,,,,,2015-10-28,financial_reports,,,,-58941612.2200,,,,-1.2337,,,,,,,,2015-10-27,,268108672.8900,,,-1.2198,2021-04-12 11:01:49,2021-04-12 11:01:49
000060.XSHE,2015-10-28,2015,q3,2501,,2015-10-28发布的财报净利润同比增速低于一致预期2015同比增速,,,,,,,,2015-10-28,financial_reports,,,101088178.5200,,,-0.7535,,,,,,,,,,2015-10-27,491981788.6333,,0.0465,,-0.7999,2021-04-12 11:01:49,2021-04-12 11:01:49
000060.XSHE,2015-10-28,2015,q3,2503,,2015-10-28发布的财报净利润同比增速低于2015一致预期同比增速,,,,,,,,2015-10-28,financial_reports,,,,-58941612.2200,,,,-1.2337,,,,,,,,2015-10-27,,268108672.8900,,0.0629,-1.2966,2021-04-12 11:01:49,2021-04-12 11:01:49
000060.XSHE,2015-10-28,2015,q4,2102,广发证券,"广发证券2015-10-28发布的报告下调了该股盈利预测,分析师：巨国贤,宋小庆,陈子坤 等",2015-10-28,中金岭南：营收净利同比下降 铅锌价格走低拖累业绩,"巨国贤,宋小庆,陈子坤 等",159000000.0000,2015-10-14,中金岭南：净利润同比下滑近80% 看好中长期复苏,518000000.0000,,,,,,,,,,,,,,,,,,,,,,,-0.6931,2021-04-12 11:01:49,2021-04-12 11:01:49
000060.XSHE,2016-01-29,2015,q4,2403,,2016-01-29发布的业绩预告低于机构的一致预期,,,,,,,,2016-01-29,performance_forecast,230000000.0000,200000000.0000,,,,,,,,,,,,,,2016-01-28,403286291.0503,,,,-0.4297,2021-04-12 11:01:49,2021-04-12 11:01:49
000060.XSHE,2016-01-29,2015,q4,2502,,2016-01-29发布的业绩预告同比增速低于一致预期2015同比增速,,,,,,,,2016-01-29,performance_forecast,230000000.0000,200000000.0000,,,-0.5108,,,,,,,,,,,2016-01-28,403286291.0503,,-0.1422,,-0.3686,2021-04-12 11:01:49,2021-04-12 11:01:49
000060.XSHE,2016-01-29,2015,q4,2504,,2016-01-29发布的业绩预告同比增速低于2015一致预期同比增速,,,,,,,,2016-01-29,performance_forecast,230000000.0000,200000000.0000,,,,,1.1458,,,,,,,,,2016-01-28,,302196639.0217,,4.0302,-2.8844,2021-04-12 11:01:49,2021-04-12 11:01:49
000060.XSHE,2016-02-17,2015,q4,2302,兴业证券,兴业证券2016-02-17发布的报告研报摘要中含有超预期信息,2016-02-17,中金岭南：加码主业 拓展新业务,"任志强,邱祖学,兰杰 等",207000000.0000,,,,,,,,,,,,,,,,,,,,,,,,,,,2021-04-12 11:01:49,2021-04-12 11:01:49
000060.XSHE,2016-03-31,2015,q4,2201,,近5个交易日内，该股一致预期净利润被大幅调低,,,,,,,,,,,,,,,,,,,,,,,2016-04-07,345915583.1533,2016-03-30,503761134.0000,,,,-0.3133,2021-04-12 11:01:49,2021-04-12 11:01:49
000060.XSHE,2016-03-31,2015,q4,2405,,2016-03-31发布的财报中，4季度净利润增速低于机构的一致预期,,,,,,,,2016-03-31,financial_reports,,,,99858510.8400,,,,0.6622,,,,,,,,2016-03-30,,110979255.5494,,,-0.1002,2021-04-12 11:01:49,2021-04-12 11:01:49
000060.XSHE,2016-03-31,2015,q4,2503,,2016-03-31发布的财报净利润同比增速低于2015一致预期同比增速,,,,,,,,2016-03-31,financial_reports,,,,99858510.8400,,,,0.6622,,,,,,,,2016-03-30,,110979255.5494,,0.8473,-0.1851,2021-04-12 11:01:49,2021-04-12 11:01:49
000060.XSHE,2016-04-15,2016,q1,2502,,2016-04-15发布的业绩预告同比增速低于一致预期2016同比增速,,,,,,,,2016-04-15,performance_forecast,-45000000.0000,-55000000.0000,,,-1.7731,,,,,,,,,,,2016-04-14,469563854.1622,,1.3368,,-3.1099,2021-04-12 11:01:49,2021-04-12 11:01:49
000060.XSHE,2016-04-15,2016,q1,2504,,2016-04-15发布的业绩预告同比增速低于2016一致预期同比增速,,,,,,,,2016-04-15,performance_forecast,-45000000.0000,-55000000.0000,,,,,-1.7731,,,,,,,,,2016-04-14,,136018161.6720,,1.3368,-3.1099,2021-04-12 11:01:49,2021-04-12 11:01:49
000060.XSHE,2016-04-28,2016,q1,2405,,2016-04-28发布的财报中，1季度净利润增速低于机构的一致预期,,,,,,,,2016-04-28,financial_reports,,,,-52912613.2400,,,,-1.9090,,,,,,,,2016-04-27,,136018161.6720,,,-1.3890,2021-04-12 11:01:49,2021-04-12 11:01:49
000060.XSHE,2016-04-28,2016,q1,2501,,2016-04-28发布的财报净利润同比增速低于一致预期2016同比增速,,,,,,,,2016-04-28,financial_reports,,,-52912613.2400,,,-1.9090,,,,,,,,,,2016-04-27,469563854.1622,,1.3368,,-3.2458,2021-04-12 11:01:49,2021-04-12 11:01:49
000060.XSHE,2016-04-28,2016,q1,2503,,2016-04-28发布的财报净利润同比增速低于2016一致预期同比增速,,,,,,,,2016-04-28,financial_reports,,,,-52912613.2400,,,,-1.9090,,,,,,,,2016-04-27,,136018161.6720,,1.3368,-3.2458,2021-04-12 11:01:49,2021-04-12 11:01:49
000060.XSHE,2016-07-06,2016,q2,2502,,2016-07-06发布的业绩预告同比增速低于一致预期2016同比增速,,,,,,,,2016-07-06,performance_forecast,55000000.0000,25000000.0000,,,-0.6563,,,,,,,,,,,2016-07-05,497841286.0500,,1.4775,,-2.1338,2021-04-12 11:01:49,2021-04-12 11:01:49
000060.XSHE,2016-07-06,2016,q2,2504,,2016-07-06发布的业绩预告同比增速低于2016一致预期同比增速,,,,,,,,2016-07-06,performance_forecast,55000000.0000,25000000.0000,,,,,0.0598,,,,,,,,,2016-07-05,,392883165.2990,,2.8585,-2.7987,2021-04-12 11:01:49,2021-04-12 11:01:49
000060.XSHE,2016-08-25,2016,q4,2302,光大证券,光大证券2016-08-25发布的报告研报摘要中含有超预期信息,2016-08-25,基本金属系列报告之锌：供应短缺加剧 有助锌价上涨,李伟峰,343000000.0000,,,,,,,,,,,,,,,,,,,,,,,,,,,2021-04-12 11:01:49,2021-04-12 11:01:49
000060.XSHE,2016-08-27,2016,q2,2405,,2016-08-27发布的财报中，2季度净利润增速低于机构的一致预期,,,,,,,,2016-08-27,financial_reports,,,,96460815.4400,,,,-0.0527,,,,,,,,2016-08-26,,279238769.6037,,,-0.6546,2021-04-12 11:01:49,2021-04-12 11:01:49
000060.XSHE,2016-08-27,2016,q2,2501,,2016-08-27发布的财报净利润同比增速低于一致预期2016同比增速,,,,,,,,2016-08-27,financial_reports,,,43548202.2000,,,-0.7279,,,,,,,,,,2016-08-26,338540608.4360,,0.6847,,-1.4126,2021-04-12 11:01:49,2021-04-12 11:01:49
000060.XSHE,2016-08-27,2016,q2,2503,,2016-08-27发布的财报净利润同比增速低于2016一致预期同比增速,,,,,,,,2016-08-27,financial_reports,,,,96460815.4400,,,,-0.0527,,,,,,,,2016-08-26,,279238769.6037,,1.7424,-1.7951,2021-04-12 11:01:49,2021-04-12 11:01:49
000060.XSHE,2016-08-28,2016,q4,2102,长江证券,"长江证券2016-08-28发布的报告下调了该股盈利预测,分析师：葛军,熊文静",2016-08-28,中金岭南：锌价维持强势 下半年业绩仍有支撑,"葛军,熊文静",287900000.0000,2016-03-31,中金岭南：16年锌矿供应收缩助力锌价反弹 公司业绩预期改善,323600000.0000,,,,,,,,,,,,,,,,,,,,,,,-0.1103,2021-04-12 11:01:49,2021-04-12 11:01:49
000060.XSHE,2016-08-28,2016,q4,2302,兴业证券,兴业证券2016-08-28发布的报告研报摘要中含有超预期信息,2016-08-28,中金岭南：扭亏为盈 锌价业绩弹性高,"任志强,邱祖学,严鹏",146000000.0000,,,,,,,,,,,,,,,,,,,,,,,,,,,2021-04-12 11:01:49,2021-04-12 11:01:49
000060.XSHE,2016-08-29,2016,q4,2101,银河证券,"银河证券2016-08-29发布的报告下调了该股盈利预测,分析师：刘文平,华立",2016-08-29,中金岭南：铅锌白马即将迎来深蹲起跳 维持公司“推荐”评级,"刘文平,华立",331894190.7000,2016-03-31,中金岭南：业绩受挫于金属价格下跌 供应收缩将促成铅锌龙头回归,376146749.4600,,,,,,,,,,,,,,,,,,,,,,,-0.1176,2021-04-12 11:01:49,2021-04-12 11:01:49
000060.XSHE,2017-01-10,2016,q4,2403,,2017-01-10发布的业绩预告低于机构的一致预期,,,,,,,,2017-01-10,performance_forecast,335000000.0000,315000000.0000,,,,,,,,,,,,,,2017-01-09,347432428.2629,,,,-0.0358,2021-04-12 11:01:49,2021-04-12 11:01:49
000060.XSHE,2017-01-10,2016,q4,2502,,2017-01-10发布的业绩预告同比增速低于一致预期2016同比增速,,,,,,,,2017-01-10,performance_forecast,335000000.0000,315000000.0000,,,0.6671,,,,,,,,,,,2017-01-09,347432428.2629,,0.7290,,-0.0619,2021-04-12 11:01:49,2021-04-12 11:01:49
000060.XSHE,2017-01-10,2016,q4,2504,,2017-01-10发布的业绩预告同比增速低于2016一致预期同比增速,,,,,,,,2017-01-10,performance_forecast,335000000.0000,315000000.0000,,,,,0.7137,,,,,,,,,2017-01-09,,183559914.6261,,0.8382,-0.1245,2021-04-12 11:01:49,2021-04-12 11:01:49
000060.XSHE,2017-04-01,2016,q4,2405,,2017-04-01发布的财报中，4季度净利润增速低于机构的一致预期,,,,,,,,2017-04-01,financial_reports,,,,159360667.0700,,,,0.5959,,,,,,,,2017-03-31,,168021930.3394,,,-0.0515,2021-04-12 11:01:49,2021-04-12 11:01:49
000060.XSHE,2017-04-01,2016,q4,2503,,2017-04-01发布的财报净利润同比增速低于2016一致预期同比增速,,,,,,,,2017-04-01,financial_reports,,,,159360667.0700,,,,0.5959,,,,,,,,2017-03-31,,168021930.3394,,0.6826,-0.0867,2021-04-12 11:01:49,2021-04-12 11:01:49
000060.XSHE,2017-04-03,2017,q4,2101,中金公司,"中金公司2017-04-03发布的报告下调了该股盈利预测,分析师：董宇博,陈彦",2017-04-03,中金岭南：2016年业绩符合预期 受益锌价上涨,"董宇博,陈彦",822000000.0000,2016-10-28,中金岭南：受益于锌价反弹 3Q2016 业绩环比继续改善,825000000.0000,,,,,,,,,,,,,,,,,,,,,,,-0.0036,2021-04-12 11:01:49,2021-04-12 11:01:49
000060.XSHE,2017-04-04,2017,q4,2102,广发证券,"广发证券2017-04-04发布的报告下调了该股盈利预测,分析师：巨国贤,赵鑫",2017-04-04,中金岭南：价升本降助业绩释放 定增项目帮业务升级,"巨国贤,赵鑫",826000000.0000,2017-01-13,中金岭南：价格持续上涨 利润大幅增加,1347000000.0000,,,,,,,,,,,,,,,,,,,,,,,-0.3868,2021-04-12 11:01:49,2021-04-12 11:01:49
000060.XSHE,2017-08-31,2017,q4,2101,招商证券,"招商证券2017-08-31发布的报告下调了该股盈利预测,分析师：刘文平,刘伟洁",2017-08-31,中金岭南：运营能力持续提升 公司业绩增长强劲,"刘文平,刘伟洁",1227000000.0000,2017-06-12,中金岭南：严控成本叠加铅锌大涨 利润翻十倍,1228000000.0000,,,,,,,,,,,,,,,,,,,,,,,-0.0008,2021-04-12 11:01:49,2021-04-12 11:01:49
000060.XSHE,2018-01-24,2017,q4,2102,兴业证券,"兴业证券2018-01-24发布的报告下调了该股盈利预测,分析师：邱祖学,严鹏,何静 等",2018-01-24,中金岭南：金属涨价叠加降本增效 全年业绩实现翻番,"邱祖学,严鹏,何静 等",1181000000.0000,2017-08-30,中金岭南：铅锌白马 业绩大涨,1336000000.0000,,,,,,,,,,,,,,,,,,,,,,,-0.1160,2021-04-12 11:01:49,2021-04-12 11:01:49
000060.XSHE,2018-04-03,2017,q4,2405,,2018-04-03发布的财报中，4季度净利润增速低于机构的一致预期,,,,,,,,2018-04-03,financial_reports,,,,204009296.6800,,,,0.2802,,,,,,,,2018-04-02,,214961603.8107,,,-0.0510,2021-04-12 11:01:49,2021-04-12 11:01:49
000060.XSHE,2018-04-03,2017,q4,2503,,2018-04-03发布的财报净利润同比增速低于2017一致预期同比增速,,,,,,,,2018-04-03,financial_reports,,,,204009296.6800,,,,0.2802,,,,,,,,2018-04-02,,214961603.8107,,0.3489,-0.0687,2021-04-12 11:01:49,2021-04-12 11:01:49
000060.XSHE,2018-04-03,2018,q4,2302,中金公司,中金公司2018-04-03发布的报告研报摘要中含有超预期信息,2018-04-03,中金岭南：2017年业绩与预告一致 受益于铅锌价格上涨,"董宇博,陈彦",1291000000.0000,,,,,,,,,,,,,,,,,,,,,,,,,,,2021-04-12 11:01:49,2021-04-12 11:01:49
000060.XSHE,2018-04-04,2018,q4,2102,兴业证券,"兴业证券2018-04-04发布的报告下调了该股盈利预测,分析师：邱祖学,严鹏,何静 等",2018-04-04,中金岭南：价格上涨业绩大增 坐拥优质铅锌矿,"邱祖学,严鹏,何静 等",1330000000.0000,2018-01-24,中金岭南：金属涨价叠加降本增效 全年业绩实现翻番,1474000000.0000,,,,,,,,,,,,,,,,,,,,,,,-0.0977,2021-04-12 11:01:49,2021-04-12 11:01:49
000060.XSHE,2018-04-09,2018,q4,2101,招商证券,"招商证券2018-04-09发布的报告下调了该股盈利预测,分析师：刘文平,黄梓钊,刘伟洁",2018-04-09,中金岭南：业绩同比大幅增长 持续受益资源布局,"刘文平,黄梓钊,刘伟洁",1351000000.0000,2017-10-18,中金岭南：拟售摩布朗锂矿 聚焦铅锌主业,1701000000.0000,,,,,,,,,,,,,,,,,,,,,,,-0.2058,2021-04-12 11:01:49,2021-04-12 11:01:49
000060.XSHE,2018-08-29,2018,q2,2405,,2018-08-29发布的财报中，2季度净利润增速低于机构的一致预期,,,,,,,,2018-08-29,financial_reports,,,,296154742.6700,,,,-0.1114,,,,,,,,2018-08-28,,396950230.7739,,,-0.2539,2021-04-12 11:01:49,2021-04-12 11:01:49
000060.XSHE,2018-08-29,2018,q2,2501,,2018-08-29发布的财报净利润同比增速低于一致预期2018同比增速,,,,,,,,2018-08-29,financial_reports,,,606689539.8600,,,0.0989,,,,,,,,,,2018-08-28,1320783570.9900,,0.2379,,-0.1389,2021-04-12 11:01:49,2021-04-12 11:01:49
000060.XSHE,2018-08-29,2018,q2,2503,,2018-08-29发布的财报净利润同比增速低于2018一致预期同比增速,,,,,,,,2018-08-29,financial_reports,,,,296154742.6700,,,,-0.1114,,,,,,,,2018-08-28,,396950230.7739,,0.1910,-0.3024,2021-04-12 11:01:49,2021-04-12 11:01:49
000060.XSHE,2018-10-30,2018,q3,2201,,近5个交易日内，该股一致预期净利润被大幅调低,,,,,,,,,,,,,,,,,,,,,,,2018-11-05,955880000.0000,2018-10-29,1301464659.9780,,,,-0.2655,2021-04-12 11:01:49,2021-04-12 11:01:49
000060.XSHE,2018-10-30,2018,q3,2405,,2018-10-30发布的财报中，3季度净利润增速低于机构的一致预期,,,,,,,,2018-10-30,financial_reports,,,,163053275.6600,,,,-0.4756,,,,,,,,2018-10-29,,419502601.1282,,,-0.6113,2021-04-12 11:01:49,2021-04-12 11:01:49
000060.XSHE,2018-10-30,2018,q3,2501,,2018-10-30发布的财报净利润同比增速低于一致预期2018同比增速,,,,,,,,2018-10-30,financial_reports,,,769742815.5200,,,-0.1080,,,,,,,,,,2018-10-29,1301464659.9780,,0.2198,,-0.3278,2021-04-12 11:01:49,2021-04-12 11:01:49
000060.XSHE,2018-10-30,2018,q3,2503,,2018-10-30发布的财报净利润同比增速低于2018一致预期同比增速,,,,,,,,2018-10-30,financial_reports,,,,163053275.6600,,,,-0.4756,,,,,,,,2018-10-29,,419502601.1282,,0.3493,-0.8249,2021-04-12 11:01:49,2021-04-12 11:01:49
000060.XSHE,2018-10-30,2018,q4,2101,华泰证券,"华泰证券2018-10-30发布的报告下调了该股盈利预测,分析师：李斌,孙雪琬,邱乐园",2018-10-30,中金岭南：三季度业绩有所下滑 多元化业务持续推进,"李斌,孙雪琬,邱乐园",955880000.0000,2018-08-29,中金岭南：业绩同比改善 海内外矿山平稳运行,1188000000.0000,,,,,,,,,,,,,,,,,,,,,,,-0.1954,2021-04-12 11:01:49,2021-04-12 11:01:49
000060.XSHE,2019-03-30,2018,q4,2201,,近5个交易日内，该股一致预期净利润被大幅调低,,,,,,,,,,,,,,,,,,,,,,,2019-04-08,930870000.0000,2019-03-29,1070905598.1000,,,,-0.1308,2021-04-12 11:01:49,2021-04-12 11:01:49
000060.XSHE,2019-03-30,2018,q4,2405,,2019-03-30发布的财报中，4季度净利润增速低于机构的一致预期,,,,,,,,2019-03-30,financial_reports,,,,150196980.8500,,,,-0.2638,,,,,,,,2019-03-29,,319009337.2185,,,-0.5292,2021-04-12 11:01:49,2021-04-12 11:01:49
000060.XSHE,2019-03-30,2018,q4,2503,,2019-03-30发布的财报净利润同比增速低于2018一致预期同比增速,,,,,,,,2019-03-30,financial_reports,,,,150196980.8500,,,,-0.2638,,,,,,,,2019-03-29,,319009337.2185,,0.5637,-0.8275,2021-04-12 11:01:49,2021-04-12 11:01:49
000060.XSHE,2019-03-31,2019,q4,2101,华泰证券,"华泰证券2019-03-31发布的报告下调了该股盈利预测,分析师：李斌,孙雪琬,邱乐园",2019-03-31,中金岭南：铅锌矿冶运营稳定 多元化材料业务布局,"李斌,孙雪琬,邱乐园",983400000.0000,2018-10-30,中金岭南：三季度业绩有所下滑 多元化业务持续推进,1021000000.0000,,,,,,,,,,,,,,,,,,,,,,,-0.0368,2021-04-12 11:01:49,2021-04-12 11:01:49
000060.XSHE,2019-03-31,2019,q4,2302,华泰证券,华泰证券2019-03-31发布的报告研报摘要中含有超预期信息,2019-03-31,中金岭南：铅锌矿冶运营稳定 多元化材料业务布局,"李斌,孙雪琬,邱乐园",983400000.0000,,,,,,,,,,,,,,,,,,,,,,,,,,,2021-04-12 11:01:49,2021-04-12 11:01:49
000060.XSHE,2019-04-29,2019,q1,2405,,2019-04-29发布的财报中，1季度净利润增速低于机构的一致预期,,,,,,,,2019-04-29,financial_reports,,,,260730712.0400,,,,-0.1604,,,,,,,,2019-04-26,,336930254.9512,,,-0.2262,2021-04-12 11:01:49,2021-04-12 11:01:49
000060.XSHE,2019-04-29,2019,q1,2501,,2019-04-29发布的财报净利润同比增速低于一致预期2019同比增速,,,,,,,,2019-04-29,financial_reports,,,260730712.0400,,,-0.1604,,,,,,,,,,2019-04-26,998176261.0400,,0.0850,,-0.2454,2021-04-12 11:01:49,2021-04-12 11:01:49
000060.XSHE,2019-04-29,2019,q1,2503,,2019-04-29发布的财报净利润同比增速低于2019一致预期同比增速,,,,,,,,2019-04-29,financial_reports,,,,260730712.0400,,,,-0.1604,,,,,,,,2019-04-26,,336930254.9512,,0.0850,-0.2454,2021-04-12 11:01:49,2021-04-12 11:01:49
000060.XSHE,2019-08-29,2019,q2,2201,,近5个交易日内，该股一致预期净利润被大幅调低,,,,,,,,,,,,,,,,,,,,,,,2019-09-04,838610000.0000,2019-08-28,937042398.3375,,,,-0.1050,2021-04-12 11:01:49,2021-04-12 11:01:49
000060.XSHE,2019-08-29,2019,q2,2405,,2019-08-29发布的财报中，2季度净利润增速低于机构的一致预期,,,,,,,,2019-08-29,financial_reports,,,,209853953.0200,,,,-0.2914,,,,,,,,2019-08-28,,328672533.4152,,,-0.3615,2021-04-12 11:01:49,2021-04-12 11:01:49
000060.XSHE,2019-08-29,2019,q2,2501,,2019-08-29发布的财报净利润同比增速低于一致预期2019同比增速,,,,,,,,2019-08-29,financial_reports,,,470584665.0600,,,-0.2243,,,,,,,,,,2019-08-28,937042398.3375,,0.0186,,-0.2429,2021-04-12 11:01:49,2021-04-12 11:01:49
000060.XSHE,2019-08-29,2019,q2,2503,,2019-08-29发布的财报净利润同比增速低于2019一致预期同比增速,,,,,,,,2019-08-29,financial_reports,,,,209853953.0200,,,,-0.2914,,,,,,,,2019-08-28,,328672533.4152,,0.1098,-0.4012,2021-04-12 11:01:49,2021-04-12 11:01:49
000060.XSHE,2019-08-30,2019,q4,2101,华泰证券,"华泰证券2019-08-30发布的报告下调了该股盈利预测,分析师：李斌,邱乐园",2019-08-30,中金岭南：铅锌价格下跌 拖累上半年业绩,"李斌,邱乐园",932440000.0000,2019-03-31,中金岭南：铅锌矿冶运营稳定 多元化材料业务布局,983400000.0000,,,,,,,,,,,,,,,,,,,,,,,-0.0518,2021-04-12 11:01:49,2021-04-12 11:01:49
000060.XSHE,2019-09-01,2019,q4,2102,广发证券,"广发证券2019-09-01发布的报告下调了该股盈利预测,分析师：巨国贤,娄永刚,黄礼恒",2019-09-01,中金岭南：上半年业绩总体符合预期,"巨国贤,娄永刚,黄礼恒",950000000.0000,2019-04-08,中金岭南：铅锌采选冶与铝材及新材料齐发展,982000000.0000,,,,,,,,,,,,,,,,,,,,,,,-0.0326,2021-04-12 11:01:49,2021-04-12 11:01:49
000060.XSHE,2019-10-28,2019,q3,2405,,2019-10-28发布的财报中，3季度净利润增速低于机构的一致预期,,,,,,,,2019-10-28,financial_reports,,,,165446557.0100,,,,0.0147,,,,,,,,2019-10-25,,201436016.7504,,,-0.1787,2021-04-12 11:01:49,2021-04-12 11:01:49
000060.XSHE,2019-10-28,2019,q3,2501,,2019-10-28发布的财报净利润同比增速低于一致预期2019同比增速,,,,,,,,2019-10-28,financial_reports,,,636031222.0700,,,-0.1737,,,,,,,,,,2019-10-25,857588841.4760,,-0.0678,,-0.1059,2021-04-12 11:01:49,2021-04-12 11:01:49
000060.XSHE,2019-10-28,2019,q3,2503,,2019-10-28发布的财报净利润同比增速低于2019一致预期同比增速,,,,,,,,2019-10-28,financial_reports,,,,165446557.0100,,,,0.0147,,,,,,,,2019-10-25,,201436016.7504,,0.2354,-0.2207,2021-04-12 11:01:49,2021-04-12 11:01:49
000060.XSHE,2019-10-28,2019,q4,2102,广发证券,"广发证券2019-10-28发布的报告下调了该股盈利预测,分析师：巨国贤,娄永刚,黄礼恒",2019-10-28,中金岭南：Q3单季业绩同比略增,"巨国贤,娄永刚,黄礼恒",898000000.0000,2019-09-01,中金岭南：上半年业绩总体符合预期,950000000.0000,,,,,,,,,,,,,,,,,,,,,,,-0.0547,2021-04-12 11:01:49,2021-04-12 11:01:49
000060.XSHE,2020-03-10,2019,q4,2201,,近5个交易日内，该股一致预期净利润被大幅调低,,,,,,,,,,,,,,,,,,,,,,,2020-03-16,702083333.3333,2020-03-09,795529872.8743,,,,-0.1175,2021-04-12 11:01:49,2021-04-12 11:01:49
000060.XSHE,2020-03-10,2020,q4,2101,中金公司,"中金公司2020-03-10发布的报告下调了该股盈利预测,分析师：詹奥博,陈彦",2020-03-10,中金岭南：2019年业绩同比回落 锌价继续面临下行压力,"詹奥博,陈彦",401000000.0000,2019-10-28,中金岭南：3Q19业绩环比下降 受锌价回落影响,612000000.0000,,,,,,,,,,,,,,,,,,,,,,,-0.3448,2021-04-12 11:01:49,2021-04-12 11:01:49
000060.XSHE,2020-03-10,2020,q4,2102,广发证券,"广发证券2020-03-10发布的报告下调了该股盈利预测,分析师：巨国贤,黄礼恒",2020-03-10,中金岭南：2019年业绩符合预期,"巨国贤,黄礼恒",855000000.0000,2019-10-28,中金岭南：Q3单季业绩同比略增,938000000.0000,,,,,,,,,,,,,,,,,,,,,,,-0.0885,2021-04-12 11:01:49,2021-04-12 11:01:49
000060.XSHE,2020-04-30,2020,q1,2405,,2020-04-30发布的财报中，1季度净利润增速低于机构的一致预期,,,,,,,,2020-04-30,financial_reports,,,,142480473.3700,,,,-0.4535,,,,,,,,2020-04-29,,229286588.1680,,,-0.3786,2021-04-12 11:01:49,2021-04-12 11:01:49
000060.XSHE,2020-04-30,2020,q1,2501,,2020-04-30发布的财报净利润同比增速低于一致预期2020同比增速,,,,,,,,2020-04-30,financial_reports,,,142480473.3700,,,-0.4535,,,,,,,,,,2020-04-29,749354838.9233,,-0.1206,,-0.3330,2021-04-12 11:01:49,2021-04-12 11:01:49
000060.XSHE,2020-04-30,2020,q1,2503,,2020-04-30发布的财报净利润同比增速低于2020一致预期同比增速,,,,,,,,2020-04-30,financial_reports,,,,142480473.3700,,,,-0.4535,,,,,,,,2020-04-29,,229286588.1680,,-0.1206,-0.3329,2021-04-12 11:01:49,2021-04-12 11:01:49
000060.XSHE,2020-08-29,2020,q2,2501,,2020-08-29发布的财报净利润同比增速低于一致预期2020同比增速,,,,,,,,2020-08-29,financial_reports,,,370877382.6100,,,-0.2119,,,,,,,,,,2020-08-28,706797694.7460,,-0.1705,,-0.0414,2021-04-12 11:01:49,2021-04-12 11:01:49
000060.XSHE,2020-08-31,2020,q4,2101,华泰证券,"华泰证券2020-08-31发布的报告下调了该股盈利预测,分析师：李斌,邱乐园",2020-08-31,中金岭南：期待募投项目增厚公司业绩,"李斌,邱乐园",780840000.0000,2020-03-10,中金岭南：铅锌价格承压 矿山生产运营稳定,850250000.0000,,,,,,,,,,,,,,,,,,,,,,,-0.0816,2021-04-12 11:01:49,2021-04-12 11:01:49
000060.XSHE,2022-10-28,2022,q3,2405,,2022-10-28发布的财报中，3季度净利润增速低于机构的一致预期,,,,,,,,2022-10-28,financial_reports,,,,196884022.0700,,,,-0.3988,,,,,,,,2022-10-27,,295476415.2190,,,-0.3337,2022-10-28 09:34:24,2022-10-28 09:34:24
000060.XSHE,2022-10-28,2022,q3,2501,,2022-10-28发布的财报净利润同比增速低于一致预期2022同比增速,,,,,,,,2022-10-28,financial_reports,,,1045722324.4400,,,0.0562,,,,,,,,,,2022-10-27,1308139959.0000,,0.1165,,-0.0603,2022-10-28 09:34:24,2022-10-28 09:34:24
000060.XSHE,2022-10-28,2022,q3,2503,,2022-10-28发布的财报净利润同比增速低于2022一致预期同比增速,,,,,,,,2022-10-28,financial_reports,,,,196884022.0700,,,,-0.3988,,,,,,,,2022-10-27,,295476415.2190,,-0.0977,-0.3011,2022-10-28 09:34:24,2022-10-28 09:34:24
000060.XSHE,2023-04-10,2022,q4,2201,,近5个交易日内，该股一致预期净利润被大幅调低,,,,,,,,,,,,,,,,,,,,,,,2023-04-14,1513666666.6667,2023-04-07,1858000000.0000,,,,-0.1853,2023-04-15 09:54:48,2023-04-15 09:54:48
000060.XSHE,2023-04-10,2022,q4,2405,,2023-04-10发布的财报中，4季度净利润增速低于机构的一致预期,,,,,,,,2023-04-10,financial_reports,,,,166567030.8100,,,,-0.0826,,,,,,,,2023-04-07,,273277311.5882,,,-0.3905,2023-04-10 06:31:03,2023-04-10 06:31:03
000060.XSHE,2023-04-10,2022,q4,2503,,2023-04-10发布的财报净利润同比增速低于2022一致预期同比增速,,,,,,,,2023-04-10,financial_reports,,,,166567030.8100,,,,-0.0826,,,,,,,,2023-04-07,,273277311.5882,,0.5051,-0.5877,2023-04-10 06:31:03,2023-04-10 06:31:03
000060.XSHE,2023-04-14,2023,q4,2302,国信证券,国信证券2023-04-14发布的报告研报摘要中含有超预期信息,2023-04-14,中金岭南：巩固铅锌主业 进军铜产业链,"刘孟峦,焦方冉",1413000000.0000,,,,,,,,,,,,,,,,,,,,,,,,,,,2023-04-15 09:54:48,2023-04-15 09:54:48
000060.XSHE,2023-04-28,2023,q1,2405,,2023-04-28发布的财报中，1季度净利润增速低于机构的一致预期,,,,,,,,2023-04-28,financial_reports,,,,320122367.9500,,,,-0.0373,,,,,,,,2023-04-27,,415211777.5460,,,-0.2290,2023-04-28 08:14:48,2023-04-28 08:14:48
000060.XSHE,2023-04-28,2023,q1,2501,,2023-04-28发布的财报净利润同比增速低于一致预期2023同比增速,,,,,,,,2023-04-28,financial_reports,,,320122367.9500,,,-0.0373,,,,,,,,,,2023-04-27,1513666666.6667,,0.2486,,-0.2859,2023-04-28 08:14:48,2023-04-28 08:14:48
000060.XSHE,2023-04-28,2023,q1,2503,,2023-04-28发布的财报净利润同比增速低于2023一致预期同比增速,,,,,,,,2023-04-28,financial_reports,,,,320122367.9500,,,,-0.0373,,,,,,,,2023-04-27,,415211777.5460,,0.2486,-0.2859,2023-04-28 08:14:48,2023-04-28 08:14:48
000060.XSHE,2023-08-29,2023,q4,2101,国联证券,"国联证券2023-08-29发布的报告下调了该股盈利预测,分析师：骆可桂",2023-08-29,中金岭南：生产进度符合预期 迈蒙矿项目进展顺利,骆可桂,1226000000.0000,2023-04-28,中金岭南：铜资产注入丰厚公司经营利润,1904000000.0000,,,,,,,,,,,,,,,,,,,,,,,-0.3561,2023-09-02 09:39:57,2023-09-02 09:39:57
000060.XSHE,2023-08-29,2023,q4,2101,国金证券,"国金证券2023-08-29发布的报告下调了该股盈利预测,分析师：李超,宋洋",2023-08-29,中金岭南：铜冶炼利润可观 半导体材料技术再提升,"李超,宋洋",1394000000.0000,2023-08-04,中金岭南：一体两翼 铜锌协力,1548000000.0000,,,,,,,,,,,,,,,,,,,,,,,-0.0995,2023-08-30 11:10:00,2023-08-30 11:10:00
000060.XSHE,2023-08-30,2023,q2,2201,,近5个交易日内，该股一致预期净利润被大幅调低,,,,,,,,,,,,,,,,,,,,,,,2023-09-05,1297000000.0000,2023-08-29,1550464912.7760,,,,-0.1635,2023-09-06 06:23:29,2023-09-06 06:23:29
000060.XSHE,2023-08-30,2023,q2,2405,,2023-08-30发布的财报中，2季度净利润增速低于机构的一致预期,,,,,,,,2023-08-30,financial_reports,,,,220213386.0100,,,,-0.5735,,,,,,,,2023-08-29,,722040562.1658,,,-0.6950,2023-08-30 08:23:47,2023-08-30 08:23:47
000060.XSHE,2023-08-30,2023,q2,2501,,2023-08-30发布的财报净利润同比增速低于一致预期2023同比增速,,,,,,,,2023-08-30,financial_reports,,,540335753.9600,,,-0.3634,,,,,,,,,,2023-08-29,1550464912.7760,,0.2790,,-0.6424,2023-08-30 08:23:47,2023-08-30 08:23:47
000060.XSHE,2023-08-30,2023,q2,2503,,2023-08-30发布的财报净利润同比增速低于2023一致预期同比增速,,,,,,,,2023-08-30,financial_reports,,,,220213386.0100,,,,-0.5735,,,,,,,,2023-08-29,,722040562.1658,,0.3985,-0.9720,2023-08-30 08:23:47,2023-08-30 08:23:47
000060.XSHE,2023-08-30,2023,q4,2101,华创证券,"华创证券2023-08-30发布的报告下调了该股盈利预测,分析师：马金龙,刘岗,巩学鹏 等",2023-08-30,中金岭南2023年半年报点评：业绩略低于预期 冶炼铜开启业绩贡献,"马金龙,刘岗,巩学鹏 等",1320000000.0000,2023-05-12,中金岭南：夯实铅锌主业 发力铜产业打造第二成长曲线,1579000000.0000,,,,,,,,,,,,,,,,,,,,,,,-0.1640,2023-08-31 14:55:56,2023-08-31 14:55:56
000060.XSHE,2023-08-30,2023,q4,2301,华创证券,华创证券2023-08-30发布的报告研报标题中含有超预期信息,2023-08-30,中金岭南2023年半年报点评：业绩略低于预期 冶炼铜开启业绩贡献,"马金龙,刘岗,巩学鹏 等",1320000000.0000,,,,,,,,,,,,,,,,,,,,,,,,,,,2023-08-31 14:55:56,2023-08-31 14:55:56
000060.XSHE,2023-08-30,2023,q4,2302,华创证券,华创证券2023-08-30发布的报告研报摘要中含有超预期信息,2023-08-30,中金岭南2023年半年报点评：业绩略低于预期 冶炼铜开启业绩贡献,"马金龙,刘岗,巩学鹏 等",1320000000.0000,,,,,,,,,,,,,,,,,,,,,,,,,,,2023-08-31 14:55:56,2023-08-31 14:55:56
000060.XSHE,2023-08-31,2023,q4,2101,国信证券,"国信证券2023-08-31发布的报告下调了该股盈利预测,分析师：刘孟峦,焦方冉",2023-08-31,中金岭南：铅锌跌价盈利下滑 铜冶炼增收增利,"刘孟峦,焦方冉",1274000000.0000,2023-04-14,中金岭南：巩固铅锌主业 进军铜产业链,1413000000.0000,,,,,,,,,,,,,,,,,,,,,,,-0.0984,2023-09-01 06:36:55,2023-09-01 06:36:55
000060.XSHE,2023-10-31,2023,q3,2201,,近5个交易日内，该股一致预期净利润被大幅调低,,,,,,,,,,,,,,,,,,,,,,,2023-11-06,1074500000.0000,2023-10-30,1356941821.7356,,,,-0.2081,2023-11-07 06:23:26,2023-11-07 06:23:26
000060.XSHE,2023-10-31,2023,q3,2405,,2023-10-31发布的财报中，3季度净利润增速低于机构的一致预期,,,,,,,,2023-10-31,financial_reports,,,,175655206.2100,,,,-0.1078,,,,,,,,2023-10-30,,442359020.7869,,,-0.6029,2023-10-31 08:16:03,2023-10-31 08:16:03
000060.XSHE,2023-10-31,2023,q3,2501,,2023-10-31发布的财报净利润同比增速低于一致预期2023同比增速,,,,,,,,2023-10-31,financial_reports,,,715990960.1700,,,-0.3153,,,,,,,,,,2023-10-30,1356941821.7356,,0.1193,,-0.4346,2023-10-31 08:16:03,2023-10-31 08:16:03
000060.XSHE,2023-10-31,2023,q3,2503,,2023-10-31发布的财报净利润同比增速低于2023一致预期同比增速,,,,,,,,2023-10-31,financial_reports,,,,175655206.2100,,,,-0.1078,,,,,,,,2023-10-30,,442359020.7869,,1.2468,-1.3546,2023-10-31 08:16:03,2023-10-31 08:16:03
000060.XSHE,2023-10-31,2023,q4,2101,国联证券,"国联证券2023-10-31发布的报告下调了该股盈利预测,分析师：丁士涛",2023-10-31,中金岭南：财务费用拖累利润表现 积极布局新材料领域,丁士涛,1074000000.0000,2023-08-29,中金岭南：生产进度符合预期 迈蒙矿项目进展顺利,1226000000.0000,,,,,,,,,,,,,,,,,,,,,,,-0.1240,2023-11-03 06:07:51,2023-11-03 06:07:51
000060.XSHE,2023-10-31,2023,q4,2101,华创证券,"华创证券2023-10-31发布的报告下调了该股盈利预测,分析师：马金龙,刘岗",2023-10-31,中金岭南2023年三季报点评：业绩略低于预期 铜冶炼业务持续向好,"马金龙,刘岗",1075000000.0000,2023-08-30,中金岭南2023年半年报点评：业绩略低于预期 冶炼铜开启业绩贡献,1320000000.0000,,,,,,,,,,,,,,,,,,,,,,,-0.1856,2023-11-03 06:07:51,2023-11-03 06:07:51
000060.XSHE,2023-10-31,2023,q4,2301,华创证券,华创证券2023-10-31发布的报告研报标题中含有超预期信息,2023-10-31,中金岭南2023年三季报点评：业绩略低于预期 铜冶炼业务持续向好,"马金龙,刘岗",1075000000.0000,,,,,,,,,,,,,,,,,,,,,,,,,,,2023-11-03 06:07:51,2023-11-03 06:07:51
000060.XSHE,2023-10-31,2023,q4,2302,华创证券,华创证券2023-10-31发布的报告研报摘要中含有超预期信息,2023-10-31,中金岭南2023年三季报点评：业绩略低于预期 铜冶炼业务持续向好,"马金龙,刘岗",1075000000.0000,,,,,,,,,,,,,,,,,,,,,,,,,,,2023-11-03 06:07:51,2023-11-03 06:07:51
000060.XSHE,2024-04-25,2023,q4,2201,,近5个交易日内，该股一致预期净利润被大幅调低,,,,,,,,,,,,,,,,,,,,,,,2024-05-06,885000000.0000,2024-04-24,1569787790.5200,,,,-0.4362,2024-05-07 06:09:44,2024-05-07 06:09:44
000060.XSHE,2024-04-25,2023,q4,2405,,2024-04-25发布的财报中，4季度净利润增速低于机构的一致预期,,,,,,,,2024-04-25,financial_reports,,,,-28228746.5300,,,,-1.1695,,,,,,,,2024-04-24,,741673018.0877,,,-1.0381,2024-04-25 07:16:26,2024-04-25 07:16:26
000060.XSHE,2024-04-25,2023,q4,2503,,2024-04-25发布的财报净利润同比增速低于2023一致预期同比增速,,,,,,,,2024-04-25,financial_reports,,,,-28228746.5300,,,,-1.1695,,,,,,,,2024-04-24,,741673018.0877,,3.4527,-4.6222,2024-04-25 07:16:26,2024-04-25 07:16:26
000060.XSHE,2024-04-29,2024,q1,2201,,近5个交易日内，该股一致预期净利润被大幅调低,,,,,,,,,,,,,,,,,,,,,,,2024-05-08,960000000.0000,2024-04-26,1569787790.5200,,,,-0.3885,2024-05-09 06:13:16,2024-05-09 06:13:16
000060.XSHE,2024-04-29,2024,q1,2405,,2024-04-29发布的财报中，1季度净利润增速低于机构的一致预期,,,,,,,,2024-04-29,financial_reports,,,,239349144.2200,,,,-0.2523,,,,,,,,2024-04-26,,730679304.8459,,,-0.6724,2024-04-29 07:19:25,2024-04-29 07:19:25
000060.XSHE,2024-04-29,2024,q1,2501,,2024-04-29发布的财报净利润同比增速低于一致预期2024同比增速,,,,,,,,2024-04-29,financial_reports,,,239349144.2200,,,-0.2523,,,,,,,,,,2024-04-26,1569787790.5200,,1.2825,,-1.5348,2024-04-29 07:19:25,2024-04-29 07:19:25
000060.XSHE,2024-04-29,2024,q1,2503,,2024-04-29发布的财报净利润同比增速低于2024一致预期同比增速,,,,,,,,2024-04-29,financial_reports,,,,239349144.2200,,,,-0.2523,,,,,,,,2024-04-26,,730679304.8459,,1.2825,-1.5348,2024-04-29 07:19:25,2024-04-29 07:19:25
000060.XSHE,2024-08-28,2024,q2,2405,,2024-08-28发布的财报中，2季度净利润增速低于机构的一致预期,,,,,,,,2024-08-28,financial_reports,,,,302605096.5200,,,,0.3741,,,,,,,,2024-08-27,,362779532.1129,,,-0.1659,2024-08-28 07:28:27,2024-08-28 07:28:27
000060.XSHE,2024-08-28,2024,q2,2501,,2024-08-28发布的财报净利润同比增速低于一致预期2024同比增速,,,,,,,,2024-08-28,financial_reports,,,541954240.7400,,,0.0030,,,,,,,,,,2024-08-27,845000000.0000,,0.2286,,-0.2256,2024-08-28 07:28:27,2024-08-28 07:28:27
000060.XSHE,2024-08-28,2024,q2,2503,,2024-08-28发布的财报净利润同比增速低于2024一致预期同比增速,,,,,,,,2024-08-28,financial_reports,,,,302605096.5200,,,,0.3741,,,,,,,,2024-08-27,,362779532.1129,,0.6474,-0.2733,2024-08-28 07:28:27,2024-08-28 07:28:27
000060.XSHE,2024-10-29,2024,q3,2405,,2024-10-29发布的财报中，3季度净利润增速低于机构的一致预期,,,,,,,,2024-10-29,financial_reports,,,,257543743.0900,,,,0.4662,,,,,,,,2024-10-28,,519623231.0104,,,-0.5044,2024-10-29 05:50:49,2024-10-29 05:50:49
000060.XSHE,2024-10-29,2024,q3,2501,,2024-10-29发布的财报净利润同比增速低于一致预期2024同比增速,,,,,,,,2024-10-29,financial_reports,,,799497983.8300,,,0.1166,,,,,,,,,,2024-10-28,978067485.9150,,0.4221,,-0.3055,2024-10-29 05:50:49,2024-10-29 05:50:49
000060.XSHE,2024-10-29,2024,q3,2503,,2024-10-29发布的财报净利润同比增速低于2024一致预期同比增速,,,,,,,,2024-10-29,financial_reports,,,,257543743.0900,,,,0.4662,,,,,,,,2024-10-28,,519623231.0104,,1.9582,-1.4920,2024-10-29 05:50:49,2024-10-29 05:50:49
000060.XSHE,2025-10-29,2025,q3,2501,,2025-10-29发布的财报净利润同比增速低于一致预期2025同比增速,,,,,,,,2025-10-29,financial_reports,,,840878476.5900,,,0.0518,,,,,,,,,,2025-10-28,1145000000.0000,,0.0584,,-0.0066,2025-10-29 06:10:33,2025-10-29 06:10:33
